"program_type","program","site_name","address","borough_community","postcode","agency","contact_number","grade_level_age_group","location_1","latitude","longitude","community_board","community_council","census_tract","bin","bbl","nta"
"Jobs & Internships","In-School Youth Employment (ISY)","Intermediate School 217 - Rafael Hernandez School","977 Fox Street, Bronx, NY 10459","Bronx","10459","Simpson Street Development Association, Inc.","718.589.1510",,,"40.822443","-73.893902","2","17","159","2005660","2027140004","Hunts Point                                                                "
"Jobs & Internships, Youth Employment","Summer Youth Employment ","Phipps Community Education Center","1030 East 178thStreet","Bronx","10460","Phipps Community Development","718-542-0109","14 to 24","1030 178thStreet
,  10460
(40.841345048101, -73.880303879158)",,,,,,,,
"Jobs & Internships","Adult Employment","NDA Center","647 E. 180th Street","Bronx",,"South Bronx Overall Economic Development Corp.","718 585.2600",,"647 180th Street
,  
(40.71619, -90.444246)",,,,,,,,
"Jobs & Internships, Youth Employment","Summer Youth Employment ","Community Counseling & Mediation","261 Buffalo Ave","Brooklyn","11213","Community Counseling & Mediation","718-875-7751 x240","14 to 24","261 Buffalo Ave
,  11213
(40.67003864097, -73.92540014432)","40.669991","-73.925427","8","41","359","3037201","3013870007","Crown Heights North                                                        "
"Jobs & Internships","In-School Youth Employment (ISY)","Junior High School 136 - Charles O. Dewey","4004 4th Avenue","Brooklyn","11232","SCO Family of Services","516.671.1253",,"4004 4th Avenue
,  11232
(40.652089908533, -74.006885108331)","40.651977","-74.006862","7","38","82","3010580","3007130020","Sunset Park West                                                           "
"Jobs & Internships","In-School Youth Employment (ISY)","The International High School @ Prospect Heights (K524)","883 Classon Avenue","Brooklyn","11225","Chinese American Planning Council","212.941.0920",,"883 Classon Avenue
,  11225
(40.670458657699, -73.961628275734)","40.670349","-73.961695","9","35","213","3029686","3011870001","Crown Heights South                                                        "
"Jobs & Internships, Youth Employment","Summer Youth Employment ","Asociaciones Dominicanas, Inc - Vulnerable Youth","202 Union Avenue , 2nd flr, ste L&M","Brooklyn","11211","Asociaciones Dominicanas, Inc - Vulnerable Youth","718-599-2386 ","14 to 24","202 Union Avenue
ste L&M,  11211
(40.706434807769, -73.950331811608)","40.706403","-73.950356","1","34","511","3325853","3030580100","East Williamsburg                                                          "
"Jobs & Internships","In-School Youth Employment (ISY)","Sesame Flyers International, Inc.","3510 Church Avenue","Brooklyn","11203","Sesame Flyers International, Inc.","718.693.0500",,"3510 Church Avenue
,  11203
(40.651046066177, -73.944640167627)","40.651066","-73.944555","17","45","856","3109467","3048890004","East Flatbush-Farragut                                                     "
"Jobs & Internships, Youth Employment","Summer Youth Employment ","National Society for Hebrew Day School","1545 Coney Island Avenue","Brooklyn","11230","National Society for Hebrew Day School","718-252-4446 ","14 to 24","1545 Coney Island Avenue
,  11230
(40.6198266572, -73.96413986613)","40.619583","-73.964181","14","44","768","3329237","3067310001","Midwood                                                                    "
"Jobs & Internships","Out-of-School Youth Employment (OSY)","Bronx Community College","4117 West 181st Street, 5th Floor","Bronx","10453","Henkels & McCoy, Inc.","917.856.2368","16 to 21","4117 181st Street
,  10453
(40.852786838342, -73.913426784319)",,,,,,,,
"Jobs & Internships","Adult Employment","Urban net Cathedral Cares","1047 Amsterdam Avenue","New York","10025","Community Impact/Columbia University","212 854.2617",,"1047 Amsterdam Avenue
,  10025
(40.803849783644, -73.963177125879)","40.803951","-73.963139","9","7","19701","1082706","1018650001","Morningside Heights                                                        "
"Jobs & Internships, Youth Employment","Summer Youth Employment ","Chinese American Planning Council - Manhattan ","165 Eldridge Street","Manhattan","10013","Chinese American Planning Council - Manhattan ","212-334-0083 ","14 to 24","165 Eldridge Street
,  10013
(40.721242188776, -74.008889000227)","40.720074","-73.990996","3","1","18","1075907","1004200068","Chinatown                                                                  "
"Jobs & Internships","Youth Employment","Bronx Community Resource Center"," 81-83C Featherbed Lane","Bronx","10452","Covenant House / Under 21","718.294. 7182","HS","81 83C Featherbed Lane
,  10452
(40.837724263364, -73.923332211412)","40.846306","-73.917755","5","14","21502","2008809","2028760037","University Heights-Morris Heights                                          "
"Jobs & Internships","Youth Employment","Police Athletic League PAL\Harlem Center ","441 Manhattan Avenue","New York","10026","Police Athletic League, Inc.","212.665.8699","MS/HS","441 Manhattan Avenue
,  10026
(40.806694644425, -73.955618643362)","40.806654","-73.955649","10","9","257","1088138","1019450051","Central Harlem South                                                       "
"Jobs & Internships","In-School Youth Employment (ISY)","Herbert H. Lehman High School - H.S. 405","3000 E. Tremont Avenue","Bronx","10461","Henkels & McCoy, Inc.","800.622.5577",,"3000 Tremont Avenue
,  10461
(40.840618266234, -73.838305820374)","40.840702","-73.838545","10","13","194","2074045","2053680001","Schuylerville-Throgs Neck-Edgewater Park                                   "
"Jobs & Internships","Youth Employment","East NY Development Corporation","2644 Atlantic Avenue","Brooklyn","11207","East NY Development Corporation","718.566.2127","HS","2644 Atlantic Avenue
,  11207
(40.675655262304, -73.896752975273)","40.675744","-73.896644","5","37","1198","3326728","3036870012","East New York                                                              "
"Jobs & Internships","Out-of-School Youth Employment (OSY)","NYSARC, Inc.","57 Willoughby","Brooklyn","11201","NYSARC, Inc, NYC Chapter Assn for Help of Retarded Children","212.634.8657","16 to 21","57 Willoughby
,  11201
(40.692238836414, -73.98662013867)",,,,,,,,
"Jobs & Internships, Youth Employment","Summer Youth Employment ","Sat. Community Partnership Center.","413 West 125th Street,","Manhattan","10027","Ecumenical Community Development Organization","212-531-3211 ","14 to 24","413 125th Street
,  10027
(40.811706778839, -73.954731383002)","40.81168","-73.954703","9","7","20901","1059548","1019660066","Morningside Heights                                                        "
"Jobs & Internships","Adult Employment","COJO of Flatbush","1550 Coney Island Ave","Queens","11230","Council of Jewish Organizations of Flatbush                 ","718.377.2900","Adults","1550 Coney Island Ave
,  11230
(40.619697574375, -73.964314154293)","40.619517","-73.964188","12","44","454","3171988","3065460011","Ocean Parkway South                                                        "
"Jobs & Internships, Youth Employment","Summer Youth Employment ","Mosholu Montefiore Community Center, Inc.","3400 Reservoir Oval East","Bronx","10467","Mosholu Montefiore Community Center, Inc.","718-882-4000  x279","14 to 24","3450 Dekalb Avenue
,  10467
(40.881106944743, -73.881708466169)","40.878889","-73.87581","7","11","423","2018218","2033430185","Norwood                                                                    "
"Jobs & Internships, Youth Employment","Summer Youth Employment ","The Lucile Palmaro Clubhouse","1930 Randall Avenue","Bronx","10473","Kips Bay Boys & Girls Club","718-893-8600 x258/261","14 to 24","1930 Randall Avenue
,  10473
(40.81782677019, -73.856685373362)","40.817841","-73.856704","9","18","16","2090508","2035280017","Soundview-Castle Hill-Clason Point-Harding Park                            "
"Jobs & Internships","Youth Employment","Youth for Education and Sports","681 Ocean Avenue","Brooklyn","11226","Youth for Education and Sports","718.941.7532",,"681 Ocean Avenue
,  11226
(40.646187680826, -73.960236131048)","40.646286","-73.960274","14","40","51001","3117624","3051240026","Flatbush                                                                   "
"Jobs & Internships, Youth Employment","Summer Youth Employment ","Chinatown Manpower Project, Inc.","70 Mulberry Street","Manhattan","10013","Chinatown Manpower Project, Inc.","212-571-1690","14 to 24","70 Mulberry Street
flr,  10013
(40.716141909295, -73.999172809241)","40.716092","-73.999203","3","1","29","1066494","1002000001","Chinatown                                                                  "
"Jobs & Internships","In-School Youth Employment (ISY)","Simpson Street Development Association, Inc.","997 East 163rd Street","Bronx","10459","Simpson Street Development Association, Inc.","718.589.1510",,"997 163rd Street
,  10459
(40.821012282861, -73.893418024476)","40.820985","-73.893398","2","17","159","2099787","2027240001","Hunts Point                                                                "
"Jobs & Internships","Out-of-School Youth Employment (OSY)","Catholic Charities Neighborhood Services","23-40 Astoria Boulevard","Queens","11102","Catholic Charities Neighborhood Services","718.726.9790 ext.127","16 to 21","23 40 Astoria Boulevard
,  11102
(40.771524024514, -73.926435450735)","40.771582","-73.92375","1","22","69","4439576","4005420008","Old Astoria                                                                "
"Jobs & Internships, Youth Employment","Summer Youth Employment ","Goodwill Industries of Greater New York","4-21 27th Street","Queens","11102","Goodwill Industries of Greater New York","718-278-9667 ","14 to 24","4 21 27th Street
,  11102
(40.771524024514, -73.926435450735)",,,,,,,,
"Jobs & Internships, Youth Employment","Summer Youth Employment ","PAL-New South Bx. Center","991 Longwood Ave","Bronx","10459","Police Athletic League, Inc. - Bronx ","718-389-5306","14 to 24","991 Longwood Ave
,  10459
(40.817260540417, -73.897738395898)","40.817185","-73.897667","2","17","87","2100984","2027090001","Longwood                                                                   "
"Jobs & Internships","Out-of-School Youth Employment (OSY)","Henry Street Settlement Workforce Development Center","99 Essex Street","New York","10002","Henry Street Settlement","212.478.5400 ext. 210","16 to 21","99 Essex Street
,  10002
(40.7184474156, -73.988301222787)","40.718943","-73.988012","3","1","18","1087565","1004100064","Chinatown                                                                  "
"Jobs & Internships","In-School Youth Employment (ISY)","Police Athletic League, Inc","116-25 Guy R. Brewer Boulevard","Queens","11434","Police Athletic League, Inc.","212.477.6504",,"116 25 Guy R Brewer Boulevard
,  11434
(40.676945262114, -73.775306901692)","40.686208","-73.784144","12","28","278","4464077","4123350049","Baisley Park                                                               "
"Jobs & Internships","In-School Youth Employment (ISY)","New Spirit II, Inc. -- Youth Center","162-04 South Road","Queens","11433","New Spirit II, Inc.","718.712.1100",,"162 04 South Road
,  11433
(40.698104881735, -73.787574033914)","40.699445","-73.794329","12","28","254","4215796","4101290003","South Jamaica                                                              "
"Jobs & Internships, Youth Employment","Summer Youth Employment ","East NY Development Corporation","2644 Atlantic Avenue","Brooklyn","11207","East NY Development Corporation","718-566-2129","14 to 24","2644 Atlantic Avenue
,  11207
(40.675655262304, -73.896752975273)","40.675744","-73.896644","5","37","1198","3326728","3036870012","East New York                                                              "
"Jobs & Internships","Youth Employment","Miccio Center ","110 West 9th Street","Brooklyn","11231","Police Athletic League, Inc.","212.477.9450",,"110 9th Street
,  11231
(40.67578212491, -74.001523292383)","40.676024","-74.002318","6","38","85","3339411","3005380001","Carroll Gardens-Columbia Street-Red Hook                                   "
"Jobs & Internships","In-School Youth Employment (ISY)","Asociaciones Dominicanas, Inc","202 Union Avenue","Brooklyn","11211","Asociaciones Dominicanas, Inc","212.247.2929",,"202 Union Avenue
,  11211
(40.706434807769, -73.950331811608)","40.706403","-73.950356","1","34","511","3325853","3030580100","East Williamsburg                                                          "
"Jobs & Internships, Youth Employment","Summer Youth Employment ","Southern Queens Park Association","177-01 Baisley Boulevard ,","Queens","11434","Southern Queens Park Association","718-276-4630  x107","14 to 24","177 01 Baisley Boulevard
,  11434
(40.676945262114, -73.775306901692)","40.686284","-73.768455","12","27","426","4268835","4124060180","St. Albans                                                                 "
"Jobs & Internships","Youth Employment","Intermediate School 43 ","160 Beach 29th Street","Queens","11691","Federation Employment & Guidance Services (FEGS)","212.366.8401","MS/HS","160 Beach 29th Street
,  11691
(40.594515128003, -73.761826540295)","40.593834","-73.76174","14","31","99802","4467711","4158200001","Far Rockaway-Bayswater                                                     "
"Jobs & Internships, Youth Employment","Summer Youth Employment ","Pulse High School","560 E. 179th  Street ","Bronx","10457","Wildcat Service Corporation","718-294-0230 x3080","14 to 24","560 179th Street
,  10457
(40.848594211674, -73.893692127627)","40.8486","-73.893654","6","15","37504","2011844","2030610055","East Tremont                                                               "
"Jobs & Internships, Youth Employment","Summer Youth Employment ","The Children's Aid Society","105 East 22nd Street","Manhattan","10010","The Children's Aid Society","917-286-1535","14 to 24","105 22nd Street
,  10010
(40.73943216627, -73.986562604958)","40.739265","-73.986215","5","2","68","1018010","1008780001","Gramercy                                                                   "
"Jobs & Internships","In-School Youth Employment (ISY)","SCO Family Services/Center for Family Life","345 43rd Street","Brooklyn","11232","SCO Family of Services","516.671.1253",,"345 43rd Street
,  11232
(40.651038320789, -74.009513156888)","40.651013","-74.009514","7","38","82","3337160","3007230025","Sunset Park West                                                           "
"Jobs & Internships, Youth Employment","Summer Youth Employment ","Catholic Charities Neighborhood Services, Inc.","200 Gold Street","Brooklyn","11201","Catholic Charities Neighborhood Services, Inc.","718-875-8801   ","14 to 24","200 Gold Street
,  11201
(40.698288822006, -73.983097400318)","40.698184","-73.983079","2","33","15","3000197","3001090001","DUMBO-Vinegar Hill-Downtown Brooklyn-Boerum Hill                           "
"Jobs & Internships, Youth Employment","Summer Youth Employment ","Jacob A. Riis Neighborhood Settlement, Inc.","10-25 41st Avenue","Queens","11101","Jacob A. Riis Neighborhood Settlement, Inc.","718-784-7447 ","14 to 24","10 25 41st Avenue
,  11101
(40.745702449808, -73.938669029252)","40.755488","-73.945328","1","26","25","4433386","4004700100","Queensbridge-Ravenswood-Long Island City                                   "
"Jobs & Internships","Youth Employment","Public School 217 - Col. David Marcus Elementary School ","1100 Newkirk Avenue","Brooklyn","11230","Flatbush Development Corporation","718.859.3800","MS/HS","1100 Newkirk Avenue
,  11230
(40.633960964399, -73.966505506315)","40.63398","-73.966558","14","40","526","3121072","3052320001","Flatbush                                                                   "
"Jobs & Internships","In-School Youth Employment (ISY)","Intermediate School 232 - Winthrop School","905 Winthrop Street","Brooklyn","11203","Sesame Flyers International, Inc.","718.693.0500",,"905 Winthrop Street
,  11203
(40.658451422174, -73.929131359882)","40.65843","-73.929076","17","41","880","3099733","3046060025","Prospect Lefferts Gardens-Wingate                                          "
"Jobs & Internships, Youth Employment","Summer Youth Employment ","Chinese American Planning Council - Queens ","136-18 39th Avenue 8th flr","Queens","11354","Chinese American Planning Council - Queens ","718-358-8899  x132","14 to 24","136 18 39th Avenue
flr,  11354
(40.768620220647, -73.827190280707)","40.76033","-73.829831","7","20","871","4112492","4049800011","Flushing                                                                   "
"Jobs & Internships, Youth Employment","Summer Youth Employment ","Alianza Dominicana, Inc. - Manhattan","2410 Amsterdam Avenue , 2nd fl","Manhattan","10033","Alianza Dominicana, Inc. - Manhattan","212-740-1960","14 to 24","2410 Amsterdam Avenue
,  10033
(40.847155142524, -73.931588758739)","40.847177","-73.93159","12","10","261","1063604","1021520048","Washington Heights South                                                   "
"Jobs & Internships","Youth Employment","Youth Employment Program ","3400 Reservoir Oval","Bronx","10467","Mosholu Montefiore Community Center, Inc.","718.652-1471","HS","3400 Reservoir Oval
,  10467
(40.878775054922, -73.875633562586)","40.878889","-73.87581","7","11","423","2018218","2033430185","Norwood                                                                    "
"Jobs & Internships","Out-of-School Youth Employment (OSY)","Brooklyn Job Corps Academy","585 DeKalb Avenue","Brooklyn","11205","Arbor Employment and Training","718.623.4031","16 to 21","585 DeKalb Avenue
,  11205
(40.691240660643, -73.952776188341)","40.691223","-73.952765","3","33","241","3049016","3017640001","Bedford                                                                    "
"Jobs & Internships","Out-of-School Youth Employment (OSY)","Opportunities for a Better Tomorrow","783 4th Avenue","Brooklyn","11232","Opportunities for a Better Tomorrow","718.369.0303","16 to 21","783 4th Avenue
,  11232
(40.659289154121, -73.999107468615)","40.65927","-73.999268","7","38","101","3009757","3006610005","Sunset Park West                                                           "
"Jobs & Internships, Youth Employment","Summer Youth Employment ","Childrens Arts & Science Workshops, Inc. -Bx","229A East 204th Street","Bronx","10458","Childrens Arts & Science Workshops, Inc. -Bx","718-220-4444","14 to 24","229A 204th Street
,  10458
(40.862601328688, -73.884790015047)","40.874409","-73.885314","7","11","413","2090492","2033110152","Bedford Park-Fordham North                                                 "
"Jobs & Internships, Youth Employment","Summer Youth Employment ","Inwood Community Services, Inc.","651 Academy Street , Top Flr","Manhattan","10034","Inwood Community Services, Inc.","212-942-0043 ","14 to 24","651 Academy Street
Top Flr,  10034
(40.866018005307, -73.924772644837)","40.866001","-73.924777","12","10","291","1081917","1022340001","Marble Hill-Inwood                                                         "
"Jobs & Internships, Youth Employment","Summer Youth Employment ","Research Foundation of CUNY - LaGuardia CC","29-10 Thomson Avenue Rm C","Queens","11101","Research Foundation of CUNY - LaGuardia CC","718-482-5340","14 to 24","29 10 Thomson Avenue
Rm C,  11101
(40.745702449808, -73.938669029252)","40.745216","-73.937602","2","26","1","4003516","4002730001","Hunters Point-Sunnyside-West Maspeth                                       "
"Jobs & Internships","In-School Youth Employment (ISY)","Hellenic American Neighborhood Action Committee (HANAC)","23-16 30th Avenue","Queens","11102","Hellenic American Neighborhood Action Committee (HANAC)","212.840.8005",,"23 16 30th Avenue
,  11102
(40.771524024514, -73.926435450735)","40.76916","-73.926258","1","22","73","4436861","4005720032","Old Astoria                                                                "
"Jobs & Internships","Out-of-School Youth Employment (OSY)","Medgar Evers College","1150 Carroll Street","Brooklyn","11225","Research Foundation of CUNY on behalf of Medgar Evers College","718.270.6474","16 to 21","1150 Carroll Street
,  11225
(40.667238309257, -73.952271441436)","40.667253","-73.952195","9","35","321","3337869","3012890025","Crown Heights South                                                        "
"Jobs & Internships","Youth Employment","Afrikan Poetry Theatre ","176-03 Jamaica Avenue","Queens","11432","Afrikan Poetry Theatre","718.523.3312","MS/HS","176 03 Jamaica Avenue
,  11432
(40.71311535449, -73.792820999789)","40.707941","-73.784233","12","27","468","4209975","4098120008","Jamaica                                                                    "
"Jobs & Internships, Youth Employment","Summer Youth Employment ","Henry Street Settlement, Inc. - Vulnerable Youth","265 Henry Street ,","Manhattan","10002","Henry Street Settlement, Inc. - Vulnerable Youth","212-254-3100","14 to 24","265 Henry Street
,  10002
(40.713875617781, -73.984342988978)","40.713857","-73.984532","3","1","202","1079627","1002880078","Lower East Side                                                            "
"Jobs & Internships","In-School Youth Employment (ISY)","Intermediate School 72 - Catherine & Count Basie School","133-25 Guy R. Brewer Boulevard","Queens","11434","Queens Child Guidance Center","718.651.7770",,"133 25 Guy R Brewer Boulevard
,  11434
(40.676945262114, -73.775306901692)","40.673769","-73.775951","12","28","33402","4270059","4124950270","Springfield Gardens North                                                  "
"Jobs & Internships, Youth Employment","Summer Youth Employment ","Helen's House & Youth Center","301 Henry Street ,","Manhattan","10002","Henry Street Settlement, Inc. - Manhattan ","212-254-3100  ","14 to 24","301 Henry Street
,  10002
(40.71399949306, -73.983398773047)","40.714054","-73.982797","3","1","202","1003737","1002880021","Lower East Side                                                            "
"Jobs & Internships","In-School Youth Employment (ISY)","Family Preservation Center/MBCS","1125 Grand Concourse","Bronx","10452","Mid-Bronx Council Services, Inc.","718.588.8200",,"1125 Grand
Concourse,  10452
(40.837724263364, -73.923332211412)","40.832627","-73.919398","4","16","195","2002893","2024720034","West Concourse                                                             "
"Jobs & Internships, Youth Employment","Summer Youth Employment ","Betances Community Center","545 East 146th Street ","Bronx","10455","Aspira of New York, Inc.","212-585 -5040","14 to 24","545 146th Street
,  10455
(40.812738163622, -73.915310368294)","40.812684","-73.915213","1","8","43","2093912","2022720038","Mott Haven-Port Morris                                                     "
"Jobs & Internships","Youth Employment","BCA Education Center ","5000 8th Avenue","Brooklyn","11220","Brooklyn Chinese American Association","718.438.9312","MS/HS","5000 8th Avenue
,  11220
(40.641104606526, -74.003759923935)","40.641036","-74.003809","7","38","108","3013418","3007940039","Sunset Park East                                                           "
"Jobs & Internships","In-School Youth Employment (ISY)","South Bronx Overall Economic Development Corp.","555 Bergen Avenue , 3rd Fl.","Bronx","10455","South Bronx Overall Economic Development Corp.","718.292.3113",,"555 Bergen Avenue
,  10455
(40.815944415254, -73.916415911483)","40.815959","-73.916354","1","17","71","2097027","2022940002","Melrose South-Mott Haven North                                             "
"Jobs & Internships","Adult Employment","West Harlem","500 W. 134th Street","New York","10027","Community Impact/Columbia University","212.854.2617",,"500 134th Street
,  10027
(40.811549564461, -73.952900335682)","40.818283","-73.952856","9","7","219","1059742","1019870036","Manhattanville                                                             "
"Jobs & Internships","Youth Employment","Queens Community Resource Center ","159-17 Hillside Avenue","Queens","11432","Covenant House/Under 21","718.725.9851","HS","159 17 Hillside Avenue
,  11432
(40.71311535449, -73.792820999789)","40.707793","-73.802545","8","24","44602","4209068","4097690089","Jamaica                                                                    "
"Jobs & Internships, Youth Employment","Summer Youth Employment ","Council of Jewish Organizations of Flatbush, Inc.","1550 Coney Island Avenue","Brooklyn","11230","Council of Jewish Organizations of Flatbush, Inc.","718-252-4446","14 to 24","1550 Coney Island Avenue
,  11230
(40.619697574375, -73.964314154293)","40.619517","-73.964188","12","44","454","3171988","3065460011","Ocean Parkway South                                                        "
"Jobs & Internships, Youth Employment","Summer Youth Employment ","Youth Education Thru Sports","646 Malcolm X Blvd","Manhattan","10037","New York City Mission Society","212-368-8400","14 to 24","646 Malcolm X Blvd
,  10037
(40.818574610432, -73.937465443105)","40.818813","-73.937414","10","9","214","1081458","1017400001","Central Harlem North-Polo Grounds                                          "
"Jobs & Internships","Youth Employment","Police Athletic League PAL-Webster Center ","2255 Webster Avenue","Bronx","10457","Police Athletic League, Inc.","212.477.9450",,"2255 Webster Avenue
,  10457
(40.855630916719, -73.896023210038)","40.855656","-73.895978","5","15","38302","2013329","2031430203","Fordham South                                                              "
"Jobs & Internships","Adult Employment","BCA Education Center","5006 8th Avenue","Brooklyn","11220","Brooklyn Chinese American Association","718.438.9312",,"5006 8th Avenue
,  11220
(40.641074069955, -74.003795118627)","40.641014","-74.003834","7","38","108","3013419","3007940041","Sunset Park East                                                           "
"Jobs & Internships","In-School Youth Employment (ISY)","Public School 80 - The Michael J. Petrides School","715 Ocean Terrace","Staten Island","10301","Police Athletic League, Inc.","212.477.6504",,"715 Ocean Terrace
,  10301
(40.607458917131, -74.101488293171)","40.608517","-74.102078","2","50","177","5113169","5006830001","Todt Hill-Emerson Hill-Heartland Village-Lighthouse Hill                   "
"Jobs & Internships","Youth Employment","STEPS, Inc ","1325 5th Avenue","New York","10029","Support For Training and Educational Services, Inc.","212.831.9080",,"1325 5th Avenue
,  10029
(40.797578953153, -73.948664533901)","40.797706","-73.948608","11","9","17402","1086046","1016170001","East Harlem South                                                          "
"Jobs & Internships","In-School Youth Employment (ISY)","Citizens Advice Bureau/Girls Club of New York","1130 Grand Concourse","Bronx","10456","Citizens Advice Bureau, Inc.","718.365.0910",,"1130 Grand
Concourse,  10456
(40.830436680009, -73.907765199504)","40.832331","-73.91959","4","16","18102","2002833","2024620042","East Concourse-Concourse Village                                           "
"Jobs & Internships","In-School Youth Employment (ISY)","Sunnyside Community Service, Inc.","43-31 39th Street","Queens","11104","Sunnyside Community Service, Inc.","718.784.6173",,"43 31 39th Street
,  11104
(40.744893366636, -73.920541345307)","40.74519","-73.925909","2","26","179","4436677","4001910005","Hunters Point-Sunnyside-West Maspeth                                       "
"Jobs & Internships","Youth Employment","Bnos Yakov Educational Center","62 Harrison Avenue","Brooklyn","11211","Bnos Yakov Educational Center","718.963.1212","MS/HS","62 Harrison Avenue
,  11211
(40.705097775655, -73.952713601158)","40.704892","-73.952445","1","33","529","3060902","3022200038","Williamsburg                                                               "
"Jobs & Internships, Youth Employment","Summer Youth Employment ","New York City Housing Authority - Manhattan","350 Livingston Street","Manhattan","10007","New York City Housing Authority - Manhattan","212-306-3985","14 to 24","350 Livingston Street
,  10007
(40.713630519433, -74.009131383706)",,,,,,,,
"Jobs & Internships, Youth Employment","Summer Youth Employment ","PS 35/1232","905 Winthrop Street Rm 127","Brooklyn","11203","Sesame Flyers International, Inc.","718-221-8880 ","14 to 24","905 Winthrop Street
,  11203
(40.658451422174, -73.929131359882)","40.65843","-73.929076","17","41","880","3099733","3046060025","Prospect Lefferts Gardens-Wingate                                          "
"Jobs & Internships","Adult Employment","South Bronx Overall Economic Development Corporation","555 Bergen Avenue - 3rd floor","Bronx","10455","South Bronx Overall Economic Development Corp.","718.585.2600",,"555 Bergen Avenue
,  10455
(40.815944415254, -73.916415911483)",,,,,,,,
"Jobs & Internships","Adult Employment","Turning Point","5220 Fourth Avenue","Brooklyn","11220","Turning Point","718.439.0077",,"5220 Fourth Avenue
,  11220
(40.645290640072, -74.013956489484)","40.645191","-74.013924","7","38","76","3013857","3008060046","Sunset Park West                                                           "
"Jobs & Internships, Youth Employment","Summer Youth Employment ","East Harlem Employment Services, Inc. STRIVE","240 East 123rd Street, 3rd FL","Manhattan","10035","East Harlem Employment Services, Inc. STRIVE","212-360-1100","14 to 24","240 123rd Street
,  10035
(40.801631007365, -73.935035566046)","40.801647","-73.935017","11","8","194","1054629","1017870080","East Harlem North                                                          "
"Jobs & Internships","In-School Youth Employment (ISY)","Christopher Columbus High School - H.S. 415","925 Astor Avenue, Bronx","Bronx","10469","Henkels & McCoy, Inc.","800.622.5577",,"925 Astor Avenue
Bronx,  10469
(40.859680011814, -73.861062565319)","40.859665","-73.861006","11","13","324","2050179","2043580001","Bronxdale                                                                  "
"Jobs & Internships","Out-of-School Youth Employment (OSY)","Chinatown Manpower Project, Inc.","70 Mulberry Street 3rd flr","New York","10013","Chinatown Manpower Project, Inc.","212.571.1690","16 to 21","70 Mulberry Street
,  10013
(40.716141909295, -73.999172809241)","40.716092","-73.999203","3","1","29","1066494","1002000001","Chinatown                                                                  "
"Jobs & Internships, Youth Employment","Summer Youth Employment ","SCO Family of Services","345 43rd Street","Brooklyn","11232","SCO Family of Services","718-788-3500 ","14 to 24","345 43rd Street
,  11232
(40.651038320789, -74.009513156888)","40.651013","-74.009514","7","38","82","3337160","3007230025","Sunset Park West                                                           "
"Jobs & Internships","Youth Employment","The Children's Aid Society","885 Columbus Avenue","New York","10025","The Children's Aid Society","212.865.6337","HS","885 Columbus Avenue
,  10025
(40.797713348632, -73.963944750805)","40.797762","-73.963944","7","7","189","1081301","1018360001","Upper West Side                                                            "
"Jobs & Internships, Youth Employment","Summer Youth Employment ","Woodycrest Center For Human Development","153 West 165th Street","Bronx","10452","Woodycrest Center For Human Development","718-992-4256","14 to 24","153 165th Street
,  10452
(40.83108457688, -73.920857534442)","40.834544","-73.928932","4","8","193","2003478","2025260034","Highbridge                                                                 "
"Jobs & Internships, Youth Employment","Summer Youth Employment ","Edith and Carl Marks Jewish Community House of Bensonhurst","7802 Bay Parkway","Brooklyn","11214","Edith and Carl Marks Jewish Community House of Bensonhurst","718-331-6800 x112","14 to 24","7802 Bay Parkway
,  11214
(40.606424326706, -73.989192742721)","40.606369","-73.989235","11","44","270","3162352","3062640030","Bensonhurst West                                                           "
"Jobs & Internships","Youth Employment","Flatbush Development Corporation","1616 Newkirk Avenue","Brooklyn","11226","Flatbush Development Corporation","718.859.3800","MS/HS","1616 Newkirk Avenue
,  11226
(40.63599627408, -73.962302128878)","40.63604","-73.962241","14","40","518","3121203","3052370006","Flatbush                                                                   "
"Jobs & Internships, Youth Employment","Summer Youth Employment ","Alianza Mosaic Beacon","125 W 166th St, 1st flr","Bronx","10452","Alianza Dominicana, Inc. - Bronx","917-258-3731","14 to 24","125 166th St
flr,  10452
(40.832222907688, -73.920620687891)","40.835377","-73.927103","4","16","199","2003279","2025140077","Highbridge                                                                 "
"Jobs & Internships","In-School Youth Employment (ISY)","Jacob A. Riis Neighborhood Settlement, Inc.","10-25 41st Avenue","Queens","11101","Jacob A. Riis Neighborhood Settlement, Inc.","718.744.7447",,"10 25 41st Avenue
,  11101
(40.745702449808, -73.938669029252)","40.755488","-73.945328","1","26","25","4433386","4004700100","Queensbridge-Ravenswood-Long Island City                                   "
"Jobs & Internships","In-School Youth Employment (ISY)","East Harlem Council For Community Improvement","413 East 120th Street","New York","10035","East Harlem Council For Community Improvement","212.410.7707",,"413 120th Street
,  10035
(40.798463980235, -73.933202998449)","40.798371","-73.932987","11","8","192","1054888","1018080008","East Harlem North                                                          "
"Jobs & Internships","In-School Youth Employment (ISY)","Public School 314 - Luis Munoz Marin Elementary School","330 59th Street","Brooklyn","11220","SCO Family of Services","516.671.1253",,"330 59th Street
,  11220
(40.642201614799, -74.019175801725)","40.642121","-74.018997","7","38","74","3016258","3008620012","Sunset Park West                                                           "
"Jobs & Internships","Out-of-School Youth Employment (OSY)","The Door - A Center of Alternatives","121 Avenue of the Americas","New York","10013","The Door - A Center of Alternatives","212.941.9090","16 to 21","121 Avenue
of the Americas,  10013
(40.721242188776, -74.008889000227)","40.723903","-74.00469","2","3","37","1083493","1004777501","SoHo-TriBeCa-Civic Center-Little Italy                                     "
"Jobs & Internships","Youth Employment","Mid-Bronx Council Services, Inc.","1125 Grand Concourse","Bronx","10452","Mid-Bronx Council Services, Inc.","718.588.8200","HS","1125 Grand
Concourse,  10452
(40.837724263364, -73.923332211412)","40.832627","-73.919398","4","16","195","2002893","2024720034","West Concourse                                                             "
"Jobs & Internships","In-School Youth Employment (ISY)","P.S. 138","760 Prospect Place","Brooklyn","11216","Research Foundation of CUNY on behalf of Medgar Evers College","718.270.6908",,"760 Prospect Place
,  11216
(40.674353675202, -73.9514119617)","40.67438","-73.951443","8","36","31701","3330794","3012330026","Crown Heights North                                                        "
"Jobs & Internships, Youth Employment","Summer Youth Employment ","El Barrio's Operation Fightback, Inc.","320 Pleasant Avenue","Manhattan","10035","El Barrio's Operation Fightback, Inc.","212-410-7900","14 to 24","320 Pleasant Avenue
,  10035
(40.795839827532, -73.932604992632)","40.795824","-73.932581","11","8","178","1053170","1017160001","East Harlem North                                                          "
"Jobs & Internships","In-School Youth Employment (ISY)","Bronx School for Law, Government & Justice - H.S. 505","244 East 163rd Street","Bronx","10451","Federation Employment and Guidance Service, Inc.","212.366.8441",,"244 163rd Street
,  10451
(40.827557580707, -73.91861304157)","40.827607","-73.918681","4","16","18302","2109459","2024450006","East Concourse-Concourse Village                                           "
"Jobs & Internships","In-School Youth Employment (ISY)","East NY Development Corporation","2644 Atlantic Avenue","Brooklyn","11207","East NY Development Corporation","718.566.2129",,"2644 Atlantic Avenue
,  11207
(40.675655262304, -73.896752975273)","40.675744","-73.896644","5","37","1198","3326728","3036870012","East New York                                                              "
"Jobs & Internships","In-School Youth Employment (ISY)","United Activities Unlimited @ PS 18 Beacon","221 Broadway","Staten Island","10310","United Activities Unlimited, Inc.","718.987.8111",,"221 Broadway
,  10310
(40.636039309097, -74.117473690981)","40.636587","-74.117509","1","49","105","5004877","5001760010","New Brighton-Silver Lake                                                   "
"Jobs & Internships","Youth Employment","Police Athletic League (Brownsville Beacon)","985 Rockaway Avenue","Brooklyn","11212","Police Athletic League, Inc.","212.477.9450",,"985 Rockaway Avenue
,  11212
(40.656451255408, -73.907322828305)","40.656068","-73.907245","16","42","922","3082940","3036360007","Brownsville                                                                "
"Jobs & Internships","Out-of-School Youth Employment (OSY)","Sunnyside Community Services, Inc.","43-31 39th Street","Queens","11104","Sunnyside Community Service, Inc.","718.784.6173 ext. 429","16 to 21","43 31 39th Street
,  11104
(40.744893366636, -73.920541345307)","40.74519","-73.925909","2","26","179","4436677","4001910005","Hunters Point-Sunnyside-West Maspeth                                       "
"Jobs & Internships","In-School Youth Employment (ISY)","Public School 346 - Abe Stark Elementary School","1400 Pennsylvania Avenue","Brooklyn","11239","Italian American Civil Rights League (Italian American Civil","718.642.2857",,"1400 Pennsylvania Avenue
,  11239
(40.647521749912, -73.881546762442)","40.64726","-73.881114","5","42","105804","3098294","3044520025","Starrett City                                                              "
"Jobs & Internships, Youth Employment","Summer Youth Employment ","Police Athletic League, Inc. - Vulnerable Youth","34 1/2 East 12th Street","Manhattan","10003","Police Athletic League, Inc. - Vulnerable Youth","718-389-5309","14 to 24","34 1 2 East 12th Street
,  10003
(40.734434119371, -73.994010700793)","40.733809","-73.992549","2","2","61","1009129","1005630020","West Village                                                               "
"Jobs & Internships","Adult Employment","Civic Association Serving Harlem, Inc","356 West 123rd Street","New York","10027","Civic Association Serving Harlem, Inc","212.864.5850",,"356 123rd Street
,  10027
(40.809616535299, -73.953990415546)","40.809673","-73.954061","10","9","257","1059252","1019490058","Central Harlem South                                                       "
"Jobs & Internships","Youth Employment","Jacob A. Riis Neighborhood Settlement, Inc.","10-25 41st Avenue","Long Island  City","11101","Jacob A. Riis Neighborhood Settlement, Inc.","718.784.7447","HS","10 25 41st Avenue
,  11101
(40.745702449808, -73.938669029252)","40.755488","-73.945328","1","26","25","4433386","4004700100","Queensbridge-Ravenswood-Long Island City                                   "
"Jobs & Internships","Youth Employment","Italian American Civil Rights League (Italian American Civil)","1460 Pennsylvania Avenue","Brooklyn","11239","Italian American Civil Rights League (Italian American Civil)","718.642.2180","HS","1460 Pennsylvania Avenue
,  11239
(40.646077795287, -73.879950181902)","40.646068","-73.879786","5","42","105804","3340241","3044520020","Starrett City                                                              "
"Jobs & Internships, Youth Employment","Summer Youth Employment ","Colony South Brooklyn Houses","297 Dean Street","Brooklyn","11217","Colony South Brooklyn Houses","718-643-2930","14 to 24","297 Dean Street
,  11217
(40.684294153023, -73.982115834364)","40.684309","-73.982192","2","33","39","3001188","3001910041","DUMBO-Vinegar Hill-Downtown Brooklyn-Boerum Hill                           "
"Jobs & Internships","Youth Employment","Woodycrest Center","153 West 165th Street","Bronx","10452","Woodycrest Center For Human Development","718.992.2178","All grades","153 165th Street
,  10452
(40.83108457688, -73.920857534442)","40.834544","-73.928932","4","8","193","2003478","2025260034","Highbridge                                                                 "
"Jobs & Internships, Youth Employment","Summer Youth Employment ","Rockaway Development & Revitalization Corporation","1920 Mott Avenue , 2nd Fl","Queens","11691","Rockaway Development & Revitalization Corporation","718-327-5300 ","14 to 24","1920 Mott Avenue
,  11691
(40.603879525424, -73.752178931552)","40.603907","-73.752262","14","31","103202","4457760","4155590012","Far Rockaway-Bayswater                                                     "
"Jobs & Internships","Youth Employment","Rafael Academy School ","977 Fox Street","Bronx","10459","Simpson Street Development Association, Inc.","718.589.1510","MS/HS","977 Fox Street
,  10459
(40.822428225918, -73.89392410103)","40.822443","-73.893902","2","17","159","2005660","2027140004","Hunts Point                                                                "
"Jobs & Internships","Out-of-School Youth Employment (OSY)","Henkels & McCoy, Inc.","29-10 Thomson Avenue","Queens","11101","CUNY Catch at LaGuardia Community College","917.856.2368","16 to 21","29 10 Thomson Avenue
,  11101
(40.745702449808, -73.938669029252)","40.745216","-73.937602","2","26","1","4003516","4002730001","Hunters Point-Sunnyside-West Maspeth                                       "
"Jobs & Internships, Youth Employment","Summer Youth Employment ","Church Avenue Merchants Block Association, Inc.","2211 Church Avenue","Brooklyn","11226","Church Avenue Merchants Block Association, Inc.","718-462-2597 ","14 to 24","1957 Nostrand Ave
,  11210
(40.63792479299, -73.948168194715)","40.650424","-73.958175","14","40","79602","3116881","3050890071","Prospect Lefferts Gardens-Wingate                                          "
"Jobs & Internships, Youth Employment","Summer Youth Employment ","Hellenic American Neighborhood Action Committee (HANAC)","23-16 30th Ave 3rd flr","Queens","11102","Hellenic American Neighborhood Action Committee (HANAC)","718-204-2325 ","14 to 24","23 16 30th Ave
flr,  11102
(40.771524024514, -73.926435450735)","40.76916","-73.926258","1","22","73","4436861","4005720032","Old Astoria                                                                "
"Jobs & Internships","Adult Employment","Jewish Services Coalition, Inc","1525 Central Avenue","Queens","11691","Jewish Services Coalition, Inc","718.327.6060",,"1525 Central Avenue
,  11691
(40.605662356989, -73.751324611595)","40.605645","-73.751391","14","31","103202","4298051","4155450023","Far Rockaway-Bayswater                                                     "
"Jobs & Internships, Youth Employment","Summer Youth Employment ","Vannguard Urban Improvement Association, Inc. - ","141 Macon Street","Brooklyn","11216","Vannguard Urban Improvement Association, Inc. - ","718-453-3330 ","14 to 24","141 Macon Street
,  11216
(40.681569834988, -73.945596139676)","40.681572","-73.945446","3","36","269","3053075","3018450001","Bedford                                                                    "
"Jobs & Internships","In-School Youth Employment (ISY)","Middle School 2","655 Parkside Avenue","Brooklyn","11226","Research Foundation of CUNY on behalf of Medgar Evers College","718.270.6908",,"655 Parkside Avenue
,  11226
(40.656196817443, -73.951584929787)","40.656183","-73.951583","9","40","802","3378201","3050500051","Prospect Lefferts Gardens-Wingate                                          "
"Jobs & Internships","Youth Employment","Riverdale Neighborhood House, Inc.","5521 Mosholu Avenue","Bronx","10471","Riverdale Neighborhood House, Inc.","718.549.8100","HS","5521 Mosholu Avenue
,  10471
(40.902965724328, -73.9038424045)","40.903039","-73.90375","8","11","337","2119685","2058501585","North Riverdale-Fieldston-Riverdale                                        "
"Jobs & Internships","Out-of-School Youth Employment (OSY)","New York Center for Interpersonal Development ","120 Stuyvesant Place","Staten Island","10301","New York Center for Interpersonal Development ","718.947.4051","16 to 21","120 Stuyvesant Place
,  10301
(40.643095488653, -74.07704808233)","40.642992","-74.076954","1","49","3","5000084","5000080060","West New Brighton-New Brighton-St. George                                  "
"Jobs & Internships, Youth Employment","Summer Youth Employment ","PAL-Foster Laurie Center","199-10 11th Ave","Queens","11412","Police Athletic League, Inc. - Queens ","718-389-5309","14 to 24","199 10 11th Ave
,  11412
(40.698127117473, -73.759235198346)",,,,,,,,
"Jobs & Internships","Out-of-School Youth Employment (OSY)","YWCA of Queens","42-07 Parsons Boulevard","Queens","11355","YWCA of Queens","718.353.4553","16 to 21","42 07 Parsons Boulevard
,  11355
(40.751299796948, -73.821478547897)","40.757857","-73.819077","7","20","861","4583346","4053750006","East Flushing                                                              "
"Jobs & Internships, Youth Employment","Summer Youth Employment ","New York City Housing Authority - Brooklyn","350 Livingston Street","Brooklyn","10007","New York City Housing Authority - Brooklyn","212-306-3985","14 to 24","350 Livingston Street
,  10007
(40.713630519433, -74.009131383706)",,,,,,,,
"Jobs & Internships","In-School Youth Employment (ISY)","Bais Yaakov Academy","2 Franklin Street","Brooklyn","11222","National Society For Hebrew Day Schools","212.227.1000",,"2 Franklin Street
,  11222
(40.724266481648, -73.957683348145)","40.724354","-73.957695","1","33","561","3065473","3026130001","Greenpoint                                                                 "
"Jobs & Internships","In-School Youth Employment (ISY)","Italian American Civil Rights League (Italian American Civil","1460 Pennsylvania Avenue","Brooklyn","11239","Italian American Civil Rights League (Italian American Civil","718.642.2857",,"1460 Pennsylvania Avenue
,  11239
(40.646077795287, -73.879950181902)","40.646068","-73.879786","5","42","105804","3340241","3044520020","Starrett City                                                              "
"Jobs & Internships","Out-of-School Youth Employment (OSY)","Career Development Institute","412-434 East 147th Street","Bronx","10455","Federation Employment & Guidance Services (FEGS)","718.742.3499","16 to 21","412 434 East 147th Street
,  10455
(40.813535754971, -73.905355252043)","40.814478","-73.918076","1","8","43","2000506","2022910012","Mott Haven-Port Morris                                                     "
"Jobs & Internships","In-School Youth Employment (ISY)","Mosholu Montefiore Community Center, Inc.","3450 Dekalb Avenue","Bronx","10467","Mosholu Montefiore Community Center, Inc.","718.882.4000",,"3400 Reservoir Oval
,  10467
(40.878775054922, -73.875633562586)","40.881486","-73.881226","7","11","421","2096396","2033270001","Norwood                                                                    "
"Jobs & Internships","In-School Youth Employment (ISY)","Franklin K. Lane High School - H.S. 420","999 Jamaica Avenue","Brooklyn","11208","Cypress Hills Local Development Corporation","718.647.2800",,"999 Jamaica Avenue
,  11208
(40.690728527416, -73.870165673629)","40.691146","-73.868328","5","37","1180","3090738","3040940001","park-cemetery-etc-Brooklyn                                                 "
"Jobs & Internships, Youth Employment","Summer Youth Employment ","Franklin K. Lane High School","999 Jamaica Avenue","Brooklyn","11208","Cypress Hills Local Development Corporation","718-235-1521 x103","14 to 24","999 Jamaica Avenue
,  11208
(40.690728527416, -73.870165673629)","40.691146","-73.868328","5","37","1180","3090738","3040940001","park-cemetery-etc-Brooklyn                                                 "
"Jobs & Internships","In-School Youth Employment (ISY)","Foster-Laurie","199-10 112th Avenue","Queens","11412","Police Athletic League, Inc.","212.477.6504",,"199 10 112th Avenue
,  11412
(40.698127117473, -73.759235198346)","40.702514","-73.756595","12","27","520","4235252","4109750001","St. Albans                                                                 "
"Jobs & Internships, Youth Employment","Summer Youth Employment ","Italian American Civil Rights League","1460 Pennsylvania Avenue 1B","Brooklyn","11239","Italian American Civil Rights League","718-642-2180 ","14 to 24","1460 Pennsylvania Avenue
,  11239
(40.646077795287, -73.879950181902)","40.646068","-73.879786","5","42","105804","3340241","3044520020","Starrett City                                                              "
"Jobs & Internships","In-School Youth Employment (ISY)","Ridgewood Bushwick Youth Center","1474 Gates Avenue","Brooklyn","11237","Ridgewood Bushwick Senior Citizens Council, Inc.","718.381.9653",,"1474 Gates Avenue
,  11237
(40.697840308647, -73.913832482461)","40.697788","-73.913906","4","37","433","3387654","3033440016","Bushwick North                                                             "
"Jobs & Internships","Out-of-School Youth Employment (OSY)","Opportunities for a Better Tomorrow-North","25 Thornton Street","Brooklyn","11206","Opportunities for a Better Tomorrow","718.369.0303","16 to 21","25 Thornton Street
,  11206
(40.700912589288, -73.943900574878)","40.701018","-73.943699","1","33","507","3061498","3022750021","Bedford                                                                    "
"Jobs & Internships","Adult Employment","Citizens Advice Bureau Bronx Works ","391 East 149th Street","Bronx","10455","Citizens Advice Bureau, Inc.","718.293.0727",,"391 149th Street
,  10455
(40.816295496167, -73.918202482452)","40.816205","-73.918153","1","17","65","2000859","2023280025","Melrose South-Mott Haven North                                             "
"Jobs & Internships","Youth Employment","William H. Taft High School - H.S. 410 ","240 East 172nd Street","Bronx","10457","Woodycrest Center For Human Development","718.992.2178","All grades","240 172nd Street
,  10457
(40.84038797721, -73.910881644448)","40.840422","-73.91091","4","16","225","2007806","2028170002","East Concourse-Concourse Village                                           "
"Jobs & Internships, Youth Employment","Summer Youth Employment ","Harlem Commonwealth Council Inc - Vulnerable Youth","361 West 125 St","Manhattan","10027","Harlem Commonwealth Council Inc - Vulnerable Youth","212-749-0900 ","14 to 24","361 125 St
,  10027
(40.810931028148, -73.952894165867)","40.810952","-73.953005","9","9","20901","1059308","1019520009","Morningside Heights                                                        "
"Jobs & Internships","Youth Employment","ECDO Community Partnership Center ","413 West 125th Street","New York","10027","Ecumenical Community Development Organization","212.678.0037","HS","413 125th Street
,  10027
(40.811706778839, -73.954731383002)","40.81168","-73.954703","9","7","20901","1059548","1019660066","Morningside Heights                                                        "
"Jobs & Internships","In-School Youth Employment (ISY)","Chinese American Planning Council","136-18 39th Avenue","Queens","11354","Chinese American Planning Council","212.941.0920",,"136 18 39th Avenue
,  11354
(40.768620220647, -73.827190280707)","40.76033","-73.829831","7","20","871","4112492","4049800011","Flushing                                                                   "
"Jobs & Internships","Youth Employment","Intermediate School 232 - WInthrop School","905 Winthrop Street","Brooklyn","11203","Sesame Flyers International, Inc.","718.693.0500","HS","905 Winthrop Street
,  11203
(40.658451422174, -73.929131359882)","40.65843","-73.929076","17","41","880","3099733","3046060025","Prospect Lefferts Gardens-Wingate                                          "
"Jobs & Internships, Youth Employment","Summer Youth Employment ","Research Foundation of CUNY - Medgar Evers College","1155 Carroll Street ,","Brooklyn","11225","Research Foundation of CUNY - Medgar Evers College","718-270-6152","14 to 24","1155 Carroll Street
,  11225
(40.667224464013, -73.95102489964)","40.667222","-73.951337","9","35","321","3033543","3012820051","Crown Heights South                                                        "
"Jobs & Internships","Youth Employment","Lt. Joseph P. Kennedy Jr. Memorial Community Center","34 West 134th Street","New York","10037","Catholic Charities Community Service, Archdiocese of N.Y.","212.371.1000","HS","34 134th Street
,  10037
(40.812690673719, -73.939718767467)","40.812702","-73.939645","10","9","212","1083984","1017300016","Central Harlem North-Polo Grounds                                          "
"Jobs & Internships","In-School Youth Employment (ISY)","Rockaway Development & Revitalization Corporation","1920 Mott Avenue","Queens","11691","Rockaway Development & Revitalization Corporation","718.327.5300",,"1920 Mott Avenue
,  11691
(40.603879525424, -73.752178931552)","40.603907","-73.752262","14","31","103202","4457760","4155590012","Far Rockaway-Bayswater                                                     "
"Jobs & Internships, Youth Employment","Summer Youth Employment ","Queens Community House, Inc.","108-25 62nd Drive","Queens","11375","Queens Community House, Inc.","718-592-5757 ","14 to 24","108 25 62nd Drive
,  11375
(40.72070726303, -73.846284296083)","40.73591","-73.850212","6","29","745","4432108","4021590002","Forest Hills                                                               "
"Jobs & Internships, Youth Employment","Summer Youth Employment ","Chinese American Planning Council - Brooklyn ","41-08 8th Avenue","Brooklyn","11232","Chinese American Planning Council - Brooklyn ","718-492-0409 x310","14 to 24","41 08 8th Avenue
,  11232
(40.654511617018, -74.000033929122)","40.646048","-73.998595","7","38","92","3018181","3009220036","Sunset Park East                                                           "
"Jobs & Internships","In-School Youth Employment (ISY)","Public School 14 - Cornelius Vanderbilt Elementary School","100 Tompkins Avenue","Staten Island","10304","Police Athletic League, Inc.","212.477.6504",,"100 Tompkins Avenue
,  10304
(40.622148795416, -74.078376875268)","40.622455","-74.078508","1","49","29","5014176","5005450110","Stapleton-Rosebank                                                         "
"Jobs & Internships","Adult Employment","Public School 123 - Mahalia Jackson Elementary School","301 W. 140th Street","New York","10030","Community Impact/Columbia University","212.854.2617",,"301 140th Street
,  10030
(40.819722111929, -73.944256982627)","40.819767","-73.944433","10","9","22102","1060726","1020420035","Central Harlem North-Polo Grounds                                          "
"Jobs & Internships","Youth Employment","Intermediate School 68 - Isaac Bildersee School","956 East 82nd Street","Brooklyn","11236","Sesame Flyers International, Inc.","718.693.0500","HS","956 82nd Street
,  11236
(40.635491677837, -73.910761051161)","40.635553","-73.91079","18","46","956","3224947","3080180001","Canarsie                                                                   "
"Jobs & Internships","In-School Youth Employment (ISY)","Chinese-American Planning Council, Inc/Brooklyn Branch","4101 8th Avenue ","Brooklyn","11232","Chinese American Planning Council","212.941.0920",,"4101 8th Avenue
,  11232
(40.646131503325, -73.998442705929)","40.64607","-73.998544","12","38","92","3018218","3009230009","Sunset Park East                                                           "
"Jobs & Internships","Youth Employment","Claremont Neighborhood Centers, Inc.","489 East 169th Street","Bronx","10456","Claremont Neighborhood Centers, Inc.","718.588.1000","All grades","489 169th Street
,  10456
(40.833009438875, -73.905735217316)","40.832965","-73.905669","3","16","14701","2092082","2029100001","Claremont-Bathgate                                                         "
"Jobs & Internships, Youth Employment","Summer Youth Employment ","Simpson Street Development Association, Inc.","997 East 163rd Street","Bronx","10459","Simpson Street Development Association, Inc.","718-589-1510","14 to 24","997 163rd Street
,  10459
(40.821012282861, -73.893418024476)","40.820985","-73.893398","2","17","159","2099787","2027240001","Hunts Point                                                                "
"Jobs & Internships, Youth Employment","Summer Youth Employment ","CIS 117","1865 Morris Avenue","Bronx","10453","Community Association of Progressive Dominicans - Bronx","718-716-4021","14 to 24","1865 Morris Avenue
,  10453
(40.848548418407, -73.908435068196)","40.848516","-73.908427","5","14","23301","2007902","2028270001","Mount Hope                                                                 "
"Jobs & Internships","Youth Employment","Southeast Bronx Neighborhood Center, Inc. (SEBNC)","751 East 163rd Street","Bronx","10456","Southeast Bronx Neighborhood Center, Inc. (SEBNC)","718.542.2727","All grades","751 163rd Street
,  10456
(40.822935441102, -73.903938061911)","40.822935","-73.904021","3","16","133",,,"Morrisania-Melrose                                                         "
"Jobs & Internships","Adult Employment","St. Mary's Community Services, Inc.","230 Classon Avenue","Brooklyn","11205","St. Mary's Community Services, Inc.","718.230.0827",,"230 Classon Avenue
,  11205
(40.692595753924, -73.960848293137)","40.692769","-73.960824","2","35","193","3054909","3019090053","Clinton Hill                                                               "
"Jobs & Internships, Youth Employment","Summer Youth Employment ","St. Mary's Community Services, Inc.","230 Classon Avenue","Brooklyn","11205","St. Mary's Community Services, Inc.","718-230-0827 ","14 to 24","230 Classon Avenue
,  11205
(40.692595753924, -73.960848293137)","40.692769","-73.960824","2","35","193","3054909","3019090053","Clinton Hill                                                               "
"Jobs & Internships, Youth Employment","Summer Youth Employment ","St. Nicholas Neighborhood Preservation Corporation","850 Grand Street Rm 185","Brooklyn","11211","St. Nicholas Neighborhood Preservation Corporation","718-599-9224 ","14 to 24","850 Grand Street
,  11211
(40.712157465495, -73.939732162787)","40.712184","-73.939722","1","34","485","3325733","3030160001","Bushwick South                                                             "
"Jobs & Internships","In-School Youth Employment (ISY)","New York City Mission Society","646 Malcolm X Boulevard","New York","10037","New York City Mission Society","212.979.5764",,"646 Malcolm X Boulevard
,  10037
(40.818574610432, -73.937465443105)","40.818813","-73.937414","10","9","214","1081458","1017400001","Central Harlem North-Polo Grounds                                          "
"Jobs & Internships","In-School Youth Employment (ISY)","Children's Arts & Science Workshops, Inc.","686 West 204th Street","New York","10034","Children's Arts & Science Workshops, Inc.","212.923.7766",,"686 204th Street
,  10034
(40.867820783176, -73.92367507748)","40.867968","-73.923733","12","10","295","1064965","1022390021","Marble Hill-Inwood                                                         "
"Jobs & Internships","In-School Youth Employment (ISY)","Adlai E. Stevenson High School - H.S. 450","1980 Lafayette Avenue","Bronx","10473","Episcopal Social Services, of New York, Inc.","212.886.5602",,"1980 Lafayette Avenue
,  10473
(40.822259012658, -73.856286782562)","40.82229","-73.856167","9","18","16","2022205","2036040039","Soundview-Castle Hill-Clason Point-Harding Park                            "
"Jobs & Internships","Adult Employment","Teacher's College","525 West 120th Street","New York","10027","Community Impact/Columbia University","212 854.2617",,"525 120th Street
,  10027
(40.809651975664, -73.959820982335)","40.809716","-73.96009","9","7","203","1088704","1019750001","Morningside Heights                                                        "
"Jobs & Internships","Youth Employment","ChaRosa Foundation Corporation","161-10 Jamaica Avenue","Queens","11432","ChaRosa Foundation Corporation","718.723.0218","HS","161 10 Jamaica Avenue
,  11432
(40.71311535449, -73.792820999789)","40.704033","-73.798412","12","27","44601","4440641","4101010015","Jamaica                                                                    "
"Jobs & Internships","Out-of-School Youth Employment (OSY)","The Fortune Society, Inc.","29-76 Northern Boulevard","Queens","11101","The Fortune Society, Inc.","212.691.7554 ext. 704","16 to 21","29 76 Northern Boulevard
,  11101
(40.745702449808, -73.938669029252)","40.750433","-73.935323","1","26","171","4003410","4002390049","Hunters Point-Sunnyside-West Maspeth                                       "
"Jobs & Internships","Youth Employment","SCO Family of Services","75 Lewis Avenue","Brooklyn","11206","SCO Family of Services","718.455.1166","HS","75 Lewis Avenue
,  11206
(40.695007999414, -73.937422302529)","40.694962","-73.937422","3","36","287","3379533","3015920001","Stuyvesant Heights                                                         "
"Jobs & Internships","Youth Employment","Junior High School 258 (K) - David Ruggles School ","141 Macon Street","Brooklyn","11216","Vannguard Urban Improvement Association, Inc.","718.453.3330","MS/HS","141 Macon Street
,  11216
(40.681569834988, -73.945596139676)","40.681572","-73.945446","3","36","269","3053075","3018450001","Bedford                                                                    "
"Jobs & Internships, Youth Employment","Summer Youth Employment ","Childrens Arts & Science Workshops, Inc. -Man","686 West 204th Street","Manhattan","10034","Childrens Arts & Science Workshops, Inc. -Man","212-740-8170","14 to 24","686 204th Street
,  10034
(40.867820783176, -73.92367507748)","40.867968","-73.923733","12","10","295","1064965","1022390021","Marble Hill-Inwood                                                         "
"Jobs & Internships","Adult Employment","Mercy Center","377 East 145th Street","Bronx","10454","Mercy Center","718.993.2789",,"377 145th Street
,  10454
(40.813855830175, -73.92035529273)","40.81384","-73.920403","1","8","43","2115799","2023070025","Mott Haven-Port Morris                                                     "
"Jobs & Internships","Youth Employment","Samuel J. Tilden High School - H.S. 415","5800 Tilden Avenue","Brooklyn","11203","Church Avenue Merchants Block Association, Inc.","718 629-4523","HS","5800 Tilden Avenue
,  11203
(40.648631368632, -73.922285497256)","40.648657","-73.922171","17","45","936","3104598","3047420001","Rugby-Remsen Village                                                       "
"Jobs & Internships, Youth Employment","Summer Youth Employment ","East Harlem Council For Community Improvement","413 East 120th Street","Manhattan","10035","East Harlem Council For Community Improvement","212-860-6820 x5211","14 to 24","413 120th Street
,  10035
(40.798463980235, -73.933202998449)","40.798371","-73.932987","11","8","192","1054888","1018080008","East Harlem North                                                          "
"Jobs & Internships","Adult Employment","Fifth Avenue Committee, Inc.","625 De Graw Street","Brooklyn","11217","Fifth Avenue Committee, Inc.","718.237.2017",,"625 De Graw Street
,  11217
(40.678541473307, -73.981750449)","40.678902","-73.982738","6","33","119","3336109","3004200045","Park Slope-Gowanus                                                         "
"Jobs & Internships","Youth Employment","Police Athletic League #1A (PAL) ","127 Pennsylvania Avenue","Brooklyn","11207","Police Athletic League, Inc.","212.477.9450",,"127 Pennsylvania Avenue
,  11207
(40.674740211809, -73.896576353025)","40.674814","-73.896606","5","37","1198","3083515","3036870001","East New York                                                              "
"Jobs & Internships, Youth Employment","Summer Youth Employment ","Harlem PAL","441 Manhattan Avenue","Manhattan","10026","Police Athletic League, Inc. - Manhattan ","718-389-5309","14 to 24","441 Manhattan Avenue
,  10026
(40.806694644425, -73.955618643362)","40.806654","-73.955649","10","9","257","1088138","1019450051","Central Harlem South                                                       "
"Jobs & Internships, Youth Employment","Summer Youth Employment ","CAB Community Center","1130 Grand Concourse","Bronx","10456","Citizens Advice Bureau, Inc. ","718-508-3193","14 to 24","1130 Grand
Concourse,  10456
(40.830436680009, -73.907765199504)","40.832331","-73.91959","4","16","18102","2002833","2024620042","East Concourse-Concourse Village                                           "
"Jobs & Internships, Youth Employment","Summer Youth Employment ","Bnos Menachem School","739 East New York Avenue","Brooklyn","11203","Henry Street Settlement, Inc. - Brooklyn ","718-493-1100","14 to 24","739 New York Avenue
,  11203
(40.655871401895, -73.947172803351)","40.662347","-73.938285","9","41","87401","3038483","3014280047","Prospect Lefferts Gardens-Wingate                                          "
"Jobs & Internships","Youth Employment","Concord Family Services, Inc.","583-593 Vermont Street","Brooklyn","11207","Concord Family Services, Inc.","718.398.3499","HS","583 593 Vermont Street
,  11207
(40.670802431187, -73.893841150049)","40.664807","-73.892065","5","42","1126","3400390","3038250021","East New York (Pennsylvania Ave)                                           "
"Jobs & Internships, Youth Employment","Summer Youth Employment ","New York City Department of Education","52 Chambers Street","Manhattan","10007","New York City Department of Education","212-374-2498  ","14 to 24","52 Chambers Street
,  10007
(40.713695753375, -74.00528819904)","40.713814","-74.00557","1","1","31","1079146","1001220001","SoHo-TriBeCa-Civic Center-Little Italy                                     "
"Jobs & Internships","Out-of-School Youth Employment (OSY)","Mosholu Montefiore Community Center, Inc.","3450 Dekalb Avenue","Bronx","10467","Mosholu Montefiore Community Center, Inc.","718.652.0470","16 to 21","3450 Dekalb Avenue
,  10467
(40.881106944743, -73.881708466169)","40.881486","-73.881226","7","11","421","2096396","2033270001","Norwood                                                                    "
"Jobs & Internships, Youth Employment","Summer Youth Employment ","United Activities Unlimited, Inc.","221 Broadway ","Staten Island","10301","United Activities Unlimited, Inc.","718-448-4834","14 to 24","221 Broadway
,  10301
(40.626785508445, -74.096112910882)","40.636587","-74.117509","1","49","105","5004877","5001760010","New Brighton-Silver Lake                                                   "
"Jobs & Internships, Youth Employment","Summer Youth Employment ","New York City Housing Authority - Bronx","350 Livingston Street","Bronx","10007","New York City Housing Authority - Bronx","212-306-3985","14 to 24","350 Livingston Street
,  10007
(40.713630519433, -74.009131383706)",,,,,,,,
"Jobs & Internships","Youth Employment","Rockaway Development & Revitalization Corporation","1920 Mott Avenue","Queens","11691","Rockaway Development & Revitalization Corporation","718.327.5300","HS","1920 Mott Avenue
,  11691
(40.603879525424, -73.752178931552)","40.603907","-73.752262","14","31","103202","4457760","4155590012","Far Rockaway-Bayswater                                                     "
"Jobs & Internships","In-School Youth Employment (ISY)","Grace Dodge Vocational High School - H.S. 660","2474 Crotona Avenue","Bronx","10458","Mid-Bronx Council Services, Inc.","718.588.8200",,"2474 Crotona Avenue
,  10458
(40.855980373909, -73.882553507192)","40.855698","-73.882715","6","15","393","2012887","2031040007","Belmont                                                                    "
"Jobs & Internships","In-School Youth Employment (ISY)","Beth Chana, Ltd","712 Bedford Avenue","Brooklyn","11222","National Society For Hebrew Day Schools","212.227.1000",,"712 Bedford Avenue
,  11222
(40.728253121784, -73.947159783197)","40.699547","-73.957145","1","33","537","3392365","3022620024","Williamsburg                                                               "
"Jobs & Internships","Youth Employment","Harlem RBI (Reviving Baseball in Inner Cities)","333 East 100 Street","New York","10029","Harlem RBI (Reviving Baseball in Inner Cities)","212.722.1608","MS/HS","333 100 Street
,  10029
(40.786495147586, -73.944398806435)","40.786209","-73.943789","11","8","164","1087440","1016720017","East Harlem South                                                          "
"Jobs & Internships","Out-of-School Youth Employment (OSY)","International Sheet Metal Workers Local Union 28 (intake site)","470 Park Avenue South","New York","10016","International Sheet Metal Workers Local Union 28","212.732.7897","16 to 21","470 Park Avenue
,  10016
(40.745413989719, -73.982708667456)","40.745492","-73.982515","5","2","74","1080788","1008610044","Midtown-Midtown South                                                      "
"Jobs & Internships","In-School Youth Employment (ISY)","Greater Ridgewood Youth Council, Inc.","62-04 Myrtle Avenue","Queens","11385","Greater Ridgewood Youth Council, Inc.","718.456.5437",,"62 04 Myrtle Avenue
,  11385
(40.701224891615, -73.88334858437)","40.700894","-73.893211","5","30","577","4437849","4035930001","Glendale                                                                   "
"Jobs & Internships","In-School Youth Employment (ISY)","Intermediate School 168 - Parsons School","158-40 76th Road","Queens","11366","Queens Child Guidance Center","718.651.7770",,"158 40 76th Road
,  11366
(40.728164407262, -73.792268173937)","40.724458","-73.810216","8","24","1257","4147847","4068260001","Kew Gardens Hills                                                          "
"Jobs & Internships","Youth Employment","Project Care of Brooklyn, Inc","164 Clymer Street","Brooklyn","11211","Project Care of Brooklyn, Inc","718.387.4500","HS","164 Clymer Street
,  11211
(40.706632200839, -73.963450637046)","40.706902","-73.963077","1","33","535","3059866","3021730016","Williamsburg                                                               "
"Jobs & Internships, Youth Employment","Summer Youth Employment ","Greater Ridgewood Youth Council, Inc.","62-04 Myrtle Avenue","Queens","11385","Greater Ridgewood Youth Council, Inc.","718-456-5437  x232","14 to 24","62 04 Myrtle Avenue
,  11385
(40.701224891615, -73.88334858437)","40.700894","-73.893211","5","30","577","4437849","4035930001","Glendale                                                                   "
"Jobs & Internships, Youth Employment","Summer Youth Employment ","All City Leadership School","1474 Gates Avenue","Brooklyn","11237","Ridgewood Bushwick Senior Citizens Council","718-381-9653 ","14 to 24","1474 Gates Avenue
,  11237
(40.697840308647, -73.913832482461)","40.697788","-73.913906","4","37","433","3387654","3033440016","Bushwick North                                                             "
"Jobs & Internships","Youth Employment","St. Stephen Outreach","874 Myrtle Avenue","Brooklyn","11206","St. Stephen Outreach","718.384.8854","All grades","874 Myrtle Avenue
,  11206
(40.695576730553, -73.947239332629)","40.695579","-73.947375","3","36","25901","3048641","3017550032","Bedford                                                                    "
"Jobs & Internships","In-School Youth Employment (ISY)","Flushing High School - H.S. 460","35-01 Union Street","Queens","11354","Sports & Arts In Schools Foundation, Inc.","718.786.7110",,"35 01 Union Street
,  11354
(40.768620220647, -73.827190280707)","40.765166","-73.82789","7","20","1161","4113172","4050020001","Flushing                                                                   "
"Jobs & Internships","In-School Youth Employment (ISY)","Harlem Children's Zone, Inc","35 East 125th Street","New York","10035","Harlem Children's Zone, Inc","212.534.0700",,"35 125th Street
,  10035
(40.805967509585, -73.941123653285)","40.805934","-73.941096","11","9","198","1087811","1017500007","East Harlem North                                                          "
"Jobs & Internships, Youth Employment","Summer Youth Employment ","Community Association of Progressive Dominicans - Manhattan","2268 Amsterdam Avenue","Manhattan","10032","Community Association of Progressive Dominicans - Manhattan","212-781-4955","14 to 24","2268 Amsterdam Avenue
,  10032
(40.842949903797, -73.934721049241)","40.842691","-73.934876","12","10","253","1063105","1021290045","Washington Heights South                                                   "
"Jobs & Internships","In-School Youth Employment (ISY)","Jewish Community Council of Greater Coney Island, Inc.","3001 West 37th Street","Brooklyn","11224","Jewish Community Council of Greater Coney Island, Inc.","718.449.5000",,"3001 37th Street
,  11224
(40.573273749724, -74.002490640031)","40.573177","-74.002509","13","47","340","3189617","3070650001","Seagate-Coney Island                                                       "
"Jobs & Internships","In-School Youth Employment (ISY)","Bedford Stuyvesant Restoration Corporation","1368 Fulton Street","Brooklyn","11216","Bedford Stuyvesant Restoration Corporation","718.636.6931",,"1368 Fulton Street
,  11216
(40.680167097693, -73.94592248315)","40.680175","-73.945717","3","36","247","3053786","3018620014","Crown Heights North                                                        "
"Jobs & Internships","In-School Youth Employment (ISY)","Intermediate School 93 - Ridgewood Intermediate School","66-56 Forest Avenue","Queens","11385","Greater Ridgewood Youth Council, Inc.","718.456.5437",,"66 56 Forest Avenue
,  11385
(40.701224891615, -73.88334858437)","40.706041","-73.902584","5","30","589","4083511","4034900001","Ridgewood                                                                  "
"Jobs & Internships","Youth Employment","Project Ready Headquarters","55 E. 175th Street","Bronx","10453","Mount Hope Housing Company","718.466.3600","MS/HS","55 175th Street
,  10453
(40.847312989377, -73.911364754436)","40.847256","-73.911295","5","14","22701","2115885","2028500034","Mount Hope                                                                 "
"Jobs & Internships, Youth Employment","Summer Youth Employment ","Queens OCFS","168-25 Jamaica Avenue","Queens","11432","Henry Street Settlement, Inc. - Queens ","718-557-8861","14 to 24","168 25 Jamaica Avenue
,  11432
(40.71311535449, -73.792820999789)","40.706582","-73.791811","12","27","460","4209641","4097990001","Jamaica                                                                    "
"Jobs & Internships","Adult Employment","The Annex","2875 Broadway","New York","10027","Community Impact/Columbia University","212.854.2617",,"2875 Broadway
,  10027
(40.811549564461, -73.952900335682)","40.805541","-73.966248","9","7","199","1057330","1018940052","Morningside Heights                                                        "
"Jobs & Internships, Youth Employment","Summer Youth Employment ","South Bronx Overall Economic Development Corp.","555 Bergen Avenue","Bronx","10455","South Bronx Overall Economic Development Corp.","718-292-3113","14 to 24","555 Bergen Avenue
,  10455
(40.815944415254, -73.916415911483)","40.815959","-73.916354","1","17","71","2097027","2022940002","Melrose South-Mott Haven North                                             "
"Jobs & Internships","In-School Youth Employment (ISY)","John F. Kennedy High School - H.S. 475","99 Terrace View Avenue","Bronx","10463","Henkels & McCoy, Inc.","800.622.5577",,"99 Terrace View Avenue
,  10463
(40.877210772674, -73.91213621129)","40.877105","-73.912256","8","10","309","1064532","1022150080","Marble Hill-Inwood                                                         "
"Jobs & Internships","Adult Employment","Rockaway Development & Revitalization Corporation","1920 Mott Avenue","Queens","11691","Rockaway Development & Revitalization Corporation","718.327.5300",,"1920 Mott Avenue
,  11691
(40.603879525424, -73.752178931552)","40.603907","-73.752262","14","31","103202","4457760","4155590012","Far Rockaway-Bayswater                                                     "
"Jobs & Internships","In-School Youth Employment (ISY)","Elmcor Youth and Adult Activities, Inc.","33-16 108th Street","Queens","11368","Elmcor Youth & Adult Activities, Inc.","718.651.0096",,"33 16 108th Street
,  11368
(40.749678220374, -73.853040688577)","40.757429","-73.860938","3","21","381","4042761","4017220012","North Corona                                                               "
"Jobs & Internships, Youth Employment","Summer Youth Employment ","Vannguard Urban Improvement Association, Inc. - Vulnerable Youth","613-619 Throop Avenue , 3rd Fl.","Brooklyn","11216","Vannguard Urban Improvement Association, Inc. - Vulnerable Youth","718-453-3330","14 to 24","613 619 Throop Avenue
,  11216
(40.680758670876, -73.949267750906)","40.680919","-73.940518","3","36","273","3053556","3018560001","Stuyvesant Heights                                                         "
"Jobs & Internships","Adult Employment","Council of Jewish Organizations of Flatbush","1550 Coney Island Avenue","Brooklyn","11230","Council of Jewish Organizations of Flatbush","718.377.2900",,"1550 Coney Island Avenue
,  11230
(40.619697574375, -73.964314154293)","40.619517","-73.964188","12","44","454","3171988","3065460011","Ocean Parkway South                                                        "
"Jobs & Internships","In-School Youth Employment (ISY)","Public School 181 - John Steptoe School","1023 New York Avenue","Brooklyn","11203","Research Foundation of CUNY on behalf of Medgar Evers College","718.270.6908",,"1023 New York Avenue
,  11203
(40.648253402035, -73.946344475373)","40.648215","-73.946374","17","45","856","3327776","3049040010","East Flatbush-Farragut                                                     "
"Jobs & Internships, Youth Employment","Summer Youth Employment ","Brownsville Beacon PAL","985 Rockaway Ave","Brooklyn","11212","Police Athletic League, Inc. - Brooklyn ","718-389-5309","14 to 24","985 Rockaway Ave
,  11212
(40.656451255408, -73.907322828305)","40.656068","-73.907245","16","42","922","3082940","3036360007","Brownsville                                                                "
"Jobs & Internships","In-School Youth Employment (ISY)","Public School 1 - Bergen Elementary School","309 47 Street","Brooklyn","11220","SCO Family of Services","516.671.1253",,"309 47 Street
,  11220
(40.649194277667, -74.012497228156)","40.649042","-74.012289","7","38","80","3011821","3007550022","Sunset Park West                                                           "
"Jobs & Internships","Out-of-School Youth Employment (OSY)","Church Avenue Merchants Block Association, Inc.","1957 Nostrand Ave","Brooklyn","11210","Church Avenue Merchant Block Association","718.462.4244","16 to 21","2211 Church Avenue
,  11226
(40.650446866784, -73.95854532388)","40.637711","-73.948159","17","45","788","3113780","3049940023","Flatbush                                                                   "
"Jobs & Internships","In-School Youth Employment (ISY)","Stanley M. Isaacs Neighborhood Center, Inc.","415 E. 93rd Street","New York","10128","Stanley M. Isaacs Neighborhood Center, Inc.","212.360.7620",,"415 93rd Street
,  10128
(40.7812386658, -73.945802764971)","40.780904","-73.945112","8","5","152","1082367","1015730001","Yorkville                                                                  "
"Jobs & Internships","In-School Youth Employment (ISY)","LaGuardia Community College","31-10 Thomson Avenue","Queens","11101","Research Foundation of CUNY/LaGuardia Community College","718.270.6908",,"31 10 Thomson Avenue
,  11101
(40.745702449808, -73.938669029252)","40.744902","-73.935022","2","26","179","4003534","4002780001","Hunters Point-Sunnyside-West Maspeth                                       "
"Jobs & Internships, Youth Employment","Summer Youth Employment ","Brooklyn Neighborhood Improvement Association","1482 St. Johns Place , Ste. 1F","Brooklyn","11213","Brooklyn Neighborhood Improvement Association","718-773-4116","14 to 24","1482 St Johns Place
,  11213
(40.670470593603, -73.929356130187)","40.670505","-73.92964","8","41","349","3037114","3013850028","Crown Heights North                                                        "
"Jobs & Internships","In-School Youth Employment (ISY)","Police Athletic League (PAL)","55 Layton Avenue","Queens","10301","Police Athletic League, Inc.","212.477.6504",,"55 Layton Avenue
,  10301
(40.641582326676, -74.085356500747)","40.641595","-74.085135","1","49","9","5001150","5000490182","West New Brighton-New Brighton-St. George                                  "
"Jobs & Internships","Adult Employment","Polonians Organized to Minister to Our Community","66-60 Fresh Pond Road","Queens","11385","Polonians Organized to Minister to Our Community","718.326.9098",,"66 60 Fresh Pond Road
,  11385
(40.701224891615, -73.88334858437)","40.707192","-73.897292","5","30","587","4084940","4035290077","Ridgewood                                                                  "
"Jobs & Internships","Out-of-School Youth Employment (OSY)","South Bronx Job Corps","1771 Andrews Avenue","Bronx","10453","Arbor Employment and Training","718.731.7686","16 to 21","1771 Andrews Avenue
,  10453
(40.85076866537, -73.916695383551)","40.850677","-73.91682","5","14","21501","2094551","2028780150","University Heights-Morris Heights                                          "
"Jobs & Internships","Youth Employment","Boys & Girls Harbor, Inc","1 East 104th Street","New York","10029","Boys & Girls Harbor, Inc","212.427.2244",,"1 104th Street
,  10029
(40.792983387231, -73.952000317419)","40.792888","-73.951826","11","8","168","1051499","1016100001","East Harlem South                                                          "
"Jobs & Internships","In-School Youth Employment (ISY)","Bnos Ahavas Israel Viznitz","12 Franklin Street","Brooklyn","11222","National Society For Hebrew Day Schools","212.227.1000",,"12 Franklin Street
,  11222
(40.725311184362, -73.957516366623)","40.725309","-73.957522","1","33","561","3065477","3026140003","Greenpoint                                                                 "
