"development","street_address","postcode","borough","bldg_number","tds_number","bin_number","no_of_floors","roof_space_sq_ft","estimated_roof_solar_capacity_kw","adjusted_value_kw","roof_condition_rating","no_of_residential_units","no_of_total_units","senior_development_yes_no","latitude","longitude","community_board","council_district","census_tract","bbl","nta","location_1"
"131 SAINT NICHOLAS AVENUE","131 SAINT NICHOLAS AVENUE","10026","MANHATTAN","1","154","1058378","17","5467.05","15.72","15.72","5","98","100","No ","40.803994","-73.952721","10","9","218","1019220041","Central Harlem South                                                       ","(40.803994, -73.952721)"
"45 ALLEN STREET","82GAR ELDRIDGE STREET","10002","MANHATTAN","2","265","1084872","1","444.47","0","0","3","0","0","Non-residential","40.717091","-73.9925","3","1","16","1003070001","Chinatown                                                                  ","(40.717091, -73.9925)"
"45 ALLEN STREET","45 ALLEN STREET","10002","MANHATTAN","1","265","1075792","14","7953.83","51.65","36.16","5","104","107","No ","40.716605","-73.991714","3","1","16","1003070001","Chinatown                                                                  ","(40.716605, -73.991714)"
"830 AMSTERDAM AVENUE","830 AMSTERDAM AVENUE","10025","MANHATTAN","1","150","1056483","20","6929.03","39.55","39.55","5","159","159","No ","40.79703","-73.9686","7","7","187","1018720029","Upper West Side                                                            ","(40.79703, -73.9686)"
"ADAMS","815 EAST 152ND STREET","10455","BRONX","7","118","2091989","21","6279.41","43.92","30.74","2","143","143","No ","40.815451","-73.905192","1","17","79","2026650001","Melrose South-Mott Haven North                                             ","(40.815451, -73.905192)"
"ADAMS","710 TINTON AVENUE","10455","BRONX","5","118","2091988","21","8189.93","27.57","27.57","2","142","142","No ","40.816985","-73.90507","1","17","79","2026650001","Melrose South-Mott Haven North                                             ","(40.816985, -73.90507)"
"ADAMS","745 EAST 152ND STREET","10455","BRONX","1","118","2091979","15","9272.01","44.67","31.27","4.3","122","122","No ","40.815864","-73.907225","1","17","79","2026540002","Melrose South-Mott Haven North                                             ","(40.815864, -73.907225)"
"ADAMS","680 TINTON AVENUE","10455","BRONX","6","118","2091987","21","6252.76","42.67","29.87","2.8","143","143","No ","40.816181","-73.90514","1","17","79","2026650001","Melrose South-Mott Haven North                                             ","(40.816181, -73.90514)"
"ADAMS","700 WESTCHESTER AVENUE","10455","BRONX","2","118","2091976","15","9736.18","39.18","39.18","4.1","124","124","No ","40.816765","-73.907296","1","17","79","2026540002","Melrose South-Mott Haven North                                             ","(40.816765, -73.907296)"
"ADAMS","720 WESTCHESTER AVENUE","10455","BRONX","3","118","2091977","15","7539.71","35.31","35.31","2.1","126","126","No ","40.817187","-73.906616","1","17","79","2026540002","Melrose South-Mott Haven North                                             ","(40.817187, -73.906616)"
"ADAMS","721 TINTON AVENUE","10455","BRONX","4","118","2091978","15","7489.20","46.04","32.23","2.9","125","125","No ","40.817161","-73.905077","1","17","79","2026540002","Melrose South-Mott Haven North                                             ","(40.817161, -73.905077)"
"ADAMS","730 TINTON AVENUE","10455","BRONX","0","118","2102823","1","550.22","0","0","N/A (playground)","0","0","Non-residential","40.817337","-73.905041","1","17","79","2026650001","Melrose South-Mott Haven North                                             ","(40.817337, -73.905041)"
"AUDUBON","1909 AMSTERDAM AVENUE","10032","MANHATTAN","1","125","1061681","20","8347.21","38.8","38.8","2","167","168","No ","40.831308","-73.943159","9","7","23501","1020680046","Hamilton Heights                                                           ","(40.831308, -73.943159)"
"BAISLEY PARK","163-11 FOCH BOULEVARD","11434","QUEENS","2","91","4435293","8","10378.64","40.05","28.03","3","77","77","No ","40.684336","-73.782849","12","28","278","4123350044","Baisley Park                                                               ","(40.684336, -73.782849)"
"BAISLEY PARK","116-40 GUY BREWER BOULEVARD","11434","QUEENS","4","91","4435280","8","8318.36","51.53","36.07","3","75","78","No ","40.685658","-73.783843","12","28","278","4122350022","Baisley Park                                                               ","(40.685658, -73.783843)"
"BAISLEY PARK","116-30 GUY BREWER BOULEVARD","11434","QUEENS","5","91","4529903","8","8026.18","39.43","39.43","3","77","77","No ","40.686109","-73.784108","12","28","278","4122350022","Baisley Park                                                               ","(40.686109, -73.784108)"
"BAISLEY PARK","116-80 GUY BREWER BOULEVARD","11434","QUEENS","3","91","4435281","8","8164.13","37.93","37.93","3","76","77","No ","40.684875","-73.78338","12","28","278","4122350022","Baisley Park                                                               ","(40.684875, -73.78338)"
"BAISLEY PARK","116-55 GUY BREWER BOULEVARD","11434","QUEENS","9","91","4435292","1","10260.89","52.78","36.94","3","0","0","Non-residential","40.685265","-73.783585","12","28","278","4123350044","Baisley Park                                                               ","(40.685265, -73.783585)"
"BAISLEY PARK","164-01 FOCH BOULEVARD","11434","QUEENS","1","91","4435294","8","8280.59","37.06","37.06","3","76","77","No ","40.684565","-73.782091","12","28","278","4123350044","Baisley Park                                                               ","(40.684565, -73.782091)"
"BARUCH","296 DELANCEY STREET","10002","MANHATTAN","12","60","1078037","13","12817.49","48.28","33.8","5","67","67","No ","40.715802","-73.979478","3","2","1002","1003230001","Lower East Side                                                            ","(40.715802, -73.979478)"
"BARUCH","79 BARUCH DRIVE","10002","MANHATTAN","11","60","1078036","13","7880.58","45.29","31.7","5","65","65","No ","40.717575","-73.97819","3","2","1002","1003230001","Lower East Side                                                            ","(40.717575, -73.97819)"
"BARUCH","140 COLUMBIA STREET","10002","MANHATTAN","17","60","1078042","13","8401.7","49.78","34.85","5","67","67","No ","40.718555","-73.979463","3","2","1002","1003230001","Lower East Side                                                            ","(40.718555, -73.979463)"
"BARUCH","120 BARUCH DRIVE","10002","MANHATTAN","9","60","1078034","13","8423.85","50.03","35.02","Replaced 9/16","67","67","No ","40.718961","-73.977352","3","2","1002","1003230001","Lower East Side                                                            ","(40.718961, -73.977352)"
"BARUCH","525 FDR DRIVE","10002","MANHATTAN","4","60","1078030","13","8429.73","50.28","35.2","Replaced 9/16","67","67","No ","40.715502","-73.976372","3","2","1002","1003230001","Lower East Side                                                            ","(40.715502, -73.976372)"
"BARUCH","288 DELANCEY STREET","10002","MANHATTAN","13","60","1078038","13","9924.18","45.41","31.79","4.7","65","65","No ","40.715917","-73.97985","3","2","1002","1003230001","Lower East Side                                                            ","(40.715917, -73.97985)"
"BARUCH","64 BARUCH DRIVE","10002","MANHATTAN","5","60","1078031","13","8327.22","51.28","35.89","Replaced 9/16","67","67","No ","40.716323","-73.977764","3","2","1002","1003230001","Lower East Side                                                            ","(40.716323, -73.977764)"
"BARUCH","90 BARUCH DRIVE","10002","MANHATTAN","8","60","1078033","13","8427.34","35.68","35.68","Replaced 9/16","67","67","No ","40.718211","-73.97772","3","2","1002","1003230001","Lower East Side                                                            ","(40.718211, -73.97772)"
"BARUCH","605 FDR DRIVE","10002","MANHATTAN","1","60","1078027","7","7874.69","38.05","38.05","Replaced 9/16","35","35","No ","40.718356","-73.97521","3","2","1002","1003230001","Lower East Side                                                            ","(40.718356, -73.97521)"
"BARUCH","308 DELANCEY STREET","10002","MANHATTAN","6","60","1083421","13","8444.42","52.03","36.42","Replaced 9/16","67","67","No ","40.715519","-73.97854","3","2","1002","1003230001","Lower East Side                                                            ","(40.715519, -73.97854)"
"BARUCH","577 FDR DRIVE","10002","MANHATTAN","2","60","1078028","13","8406.93","49.03","34.32","Replaced 9/16","67","67","No ","40.717492","-73.975444","3","2","1002","1003230001","Lower East Side                                                            ","(40.717492, -73.975444)"
"BARUCH","120 COLUMBIA STREET","10002","MANHATTAN","16","60","1078041","13","8214.39","47.78","33.45","4.8","67","67","No ","40.718259","-73.979614","3","2","1002","1003230001","Lower East Side                                                            ","(40.718259, -73.979614)"
"BARUCH","79GAR BARUCH DRIVE","10002","MANHATTAN","19","60","1087112",,"643.41","0","0","N/A (garage)",,"0","Non-residential","40.717575","-73.97819","3","2","1002","1003230001","Lower East Side                                                            ","(40.717575, -73.97819)"
"BARUCH","105 BARUCH DRIVE","10002","MANHATTAN","10","60","1078035","13","8369.18","51.15","35.81","Replaced 9/16","67","67","No ","40.718697","-73.977475","3","2","1002","1003230001","Lower East Side                                                            ","(40.718697, -73.977475)"
"BARUCH","72 BARUCH DRIVE","10002","MANHATTAN","7","60","1078032","13","12632.43","33.19","33.19","Replaced 9/16","65","65","No ","40.716902","-73.978212","3","2","1002","1003230001","Lower East Side                                                            ","(40.716902, -73.978212)"
"BARUCH","555 FDR DRIVE","10002","MANHATTAN","3","60","1078029","13","8429.72","51.9","36.33","Replaced 9/16","67","67","No ","40.716726","-73.975802","3","2","1002","1003230001","Lower East Side                                                            ","(40.716726, -73.975802)"
"BARUCH","60 COLUMBIA STREET","10002","MANHATTAN","14","60","1078039","13","8143.13","48.03","33.62","4.8","67","67","No ","40.716755","-73.980405","3","2","1002","1003230001","Lower East Side                                                            ","(40.716755, -73.980405)"
"BERRY","18GAR DONGAN HILLS AVENUE","10306","STATEN ISLAND","9","52","5146061",,"707.11","0","0","5",,"0","Non-residential","40.588374","-74.101388","2","50","11401","5035320500","Old Town-Dongan Hills-South Beach                                          ","(40.588374, -74.101388)"
"BERRY","21 SEAVER AVENUE","10306","STATEN ISLAND","8","52","5109573","6","8819.88","37.06","37.06","Replaced 1/16","72","72","No ","40.586703","-74.103362","2","50","11401","5035320500","Old Town-Dongan Hills-South Beach                                          ","(40.586703, -74.103362)"
"BERRY","40 DONGAN HILLS AVENUE","10306","STATEN ISLAND","4","52","5109568","6","10870.84","45.79","32.05","Replaced 1/16","64","64","No ","40.58799","-74.100653","2","50","11401","5035320500","Old Town-Dongan Hills-South Beach                                          ","(40.58799, -74.100653)"
"BERRY","209 JEFFERSON STREET","10306","STATEN ISLAND","5","52","5109569","6","8850.05","28.45","28.45","Replaced 1/16","60","60","No ","40.586876","-74.100824","2","50","11401","5035320500","Old Town-Dongan Hills-South Beach                                          ","(40.586876, -74.100824)"
"BERRY","235 JEFFERSON STREET","10306","STATEN ISLAND","6","52","5109570","6","8935.68","37.3","37.3","Replaced 1/16","60","60","No ","40.58612","-74.101187","2","50","11401","5035320500","Old Town-Dongan Hills-South Beach                                          ","(40.58612, -74.101187)"
"BERRY","45 SEAVER AVENUE","10306","STATEN ISLAND","7","52","5109574","6","8870.81","27.95","27.95","Replaced 1/16","60","60","No ","40.586229","-74.10267","2","50","11401","5035320500","Old Town-Dongan Hills-South Beach                                          ","(40.586229, -74.10267)"
"BERRY","30 DONGAN HILLS AVENUE","10306","STATEN ISLAND","3","52","5109567","6","8264.34","29.44","29.44","Replaced 1/16","57","57","No ","40.588154","-74.100963","2","50","11401","5035320500","Old Town-Dongan Hills-South Beach                                          ","(40.588154, -74.100963)"
"BETHUNE GARDENS","1945 AMSTERDAM AVENUE","10032","MANHATTAN","1","160","1062490","22","7632.50","35.56","35.56","4.5","210","210","Yes","40.832498","-73.942294","12","7","239","1021070059","Washington Heights South                                                   ","(40.832498, -73.942294)"
"BRACETTI PLAZA","251 EAST 3RD STREET","10009","MANHATTAN","1","264","1004617","7","18337.72","123.39","86.37","5","108","108","No","40.722066","-73.981504","3","2","2601","1003860033","Lower East Side                                                            ","(40.722066, -73.981504)"
"CARVER","1545 MADISON AVENUE","10029","MANHATTAN","10","58","1078838","6","5590.87","25.58","25.58","1","48","48","No ","40.79261","-73.950223","11","8","168","1016100023","East Harlem South                                                          ","(40.79261, -73.950223)"
"CARVER","55 EAST 99TH STREET","10029","MANHATTAN","2","58","1082312","15","6675.53","36.93","36.93","Replaced 6/16","116","116","No ","40.789109","-73.952577","11","8","168","1016050024","East Harlem South                                                          ","(40.789109, -73.952577)"
"CARVER","65 EAST 99TH STREET","10029","MANHATTAN","1","58","1082313","15","6669.07","33.69","33.69","Replaced 6/16","120","120","No ","40.788974","-73.952259","11","8","168","1016050024","East Harlem South                                                          ","(40.788974, -73.952259)"
"CARVER","1410 PARK AVENUE","10029","MANHATTAN","11","58","1078839","6","5714.10","40.55","28.38","Replaced 6/16","48","48","No ","40.792028","-73.948566","11","8","168","1016100023","East Harlem South                                                          ","(40.792028, -73.948566)"
"CARVER","50 EAST 102ND STREET","10029","MANHATTAN","6","58","1079193","15","6635.28","44.67","31.27","Replaced 6/16","114","114","No ","40.791024","-73.951337","11","8","168","1016050024","East Harlem South                                                          ","(40.791024, -73.951337)"
"CARVER","60 EAST 102ND STREET","10029","MANHATTAN","5","58","1082314","15","10247.80","41.8","29.26","Replaced 6/16","118","118","No ","40.790826","-73.950864","11","8","168","1016050024","East Harlem South                                                          ","(40.790826, -73.950864)"
"CARVER","60 EAST 106TH STREET","10029","MANHATTAN","12","58","1078841","15","6519.63","38.8","38.8","Replaced 6/16","120","120","No ","40.793255","-73.948695","11","8","168","1016100023","East Harlem South                                                          ","(40.793255, -73.948695)"
"CARVER","55 EAST 102ND STREET","10029","MANHATTAN","7","58","1082659","15","6561.91","43.17","30.22","Replaced 6/16","112","112","No ","40.79084","-73.950853","11","8","168","1016080023","East Harlem South                                                          ","(40.79084, -73.950853)"
"CARVER","1330 PARK AVENUE","10029","MANHATTAN","4","58","1079192","6","5801.22","26.2","26.2","Replaced 6/16","48","48","No ","40.789437","-73.950453","11","8","168","1016050024","East Harlem South                                                          ","(40.789437, -73.950453)"
"CARVER","60 EAST 104TH STREET","10029","MANHATTAN","8","58","1082661","15","6524.31","33.94","33.94","Replaced 6/16","120","120","No ","40.791929","-73.949599","11","8","168","1016080023","East Harlem South                                                          ","(40.791929, -73.949599)"
"CARVER","50 EAST 106TH STREET","10029","MANHATTAN","13","58","1078840","15","10908.65","40.05","28.03","Replaced 6/16","114","114","No ","40.793419","-73.949089","11","8","168","1016100023","East Harlem South                                                          ","(40.793419, -73.949089)"
"CARVER","50 EAST 104TH STREET","10029","MANHATTAN","9","58","1082660","15","6527.94","45.91","32.14","Replaced 6/16","120","120","No ","40.792141","-73.950097","11","8","168","1016080023","East Harlem South                                                          ","(40.792141, -73.950097)"
"CARVER","1465 MADISON AVENUE","10029","MANHATTAN","3","58","1082315","6","6688.88","25.95","25.95","Replaced 6/16","48","48","No ","40.789888","-73.952204","11","8","168","1016050024","East Harlem South                                                          ","(40.789888, -73.952204)"
"CHELSEA ADDITION","436 WEST 27TH DRIVE","10001","MANHATTAN","1","176","1012827","14","15671.72","12.6","12.6","4.9","96","96","Yes","40.749773","-74.001252","4","3","97","1007240010","Hudson Yards-Chelsea-Flatiron-Union Square                                 ","(40.749773, -74.001252)"
"CONLON LIHFE TOWER","92-33 170TH STREET","11433","QUEENS","1","232","4457492","13","11007.16","41.17","28.82","2","214","216","Yes","40.706193","-73.789136","12","27","444","4102120033","Jamaica                                                                    ","(40.706193, -73.789136)"
"CORSI HOUSES","306 EAST 117TH STREET","10035","MANHATTAN","1","199","1079357","16","13320.5","38.46","38.46","3","171","171","Yes","40.797489","-73.936856","11","8","188","1016880045","East Harlem North                                                          ","(40.797489, -73.936856)"
"CORSI HOUSES","306 EAST 117TH STREET","10035","MANHATTAN","1","199","1079358","16","6731.02","19.43","19.43","5","171","171","Yes","40.797489","-73.936856","11","8","188","1016880045","East Harlem North                                                          ","(40.797489, -73.936856)"
"EAST 152ND STREET-COURTLANDT AVENUE","370 EAST 153RD STREET","10455","BRONX","2","237","2088143","11","9004.50","54.4","38.08","Replaced 1/16","91","91","No","40.819218","-73.917795","1","17","67","2023990010","Melrose South-Mott Haven North                                             ","(40.819218, -73.917795)"
"EAST 152ND STREET-COURTLANDT AVENUE","372 EAST 152ND STREET","10455","BRONX","1","237","2090413","14","8671.76","33.06","33.06","Replaced 1/16","130","130","Yes","40.818516","-73.91793","1","17","67","2023980014","Melrose South-Mott Haven North                                             ","(40.818516, -73.91793)"
"EAST 180TH STREET-MONTEREY AVENUE","2111 LAFONTAINE AVENUE","10457","BRONX","1","208","2011855","10","22345.12","159.32","111.53","5","239","239","No","40.850185","-73.892137","6","15","37504","2030620021","East Tremont                                                               ","(40.850185, -73.892137)"
"EAST 180TH STREET-MONTEREY AVENUE","2120 QUARRY ROAD","10457","BRONX","2","208","2011852","1","11032.23","42.42","29.69","3","0","0","Non-residential","40.851045","-73.893292","6","15","37504","2030620006","East Tremont                                                               ","(40.851045, -73.893292)"
"ELLIOTT","466 WEST 26TH STREET","10001","MANHATTAN","2","15","1083578","11","9546.05","66.62","46.64","5","142","142","No","40.74943","-74.002422","4","3","93","1007230001","Hudson Yards-Chelsea-Flatiron-Union Square                                 ","(40.74943, -74.002422)"
"ELLIOTT","446 WEST 26TH STREET","10001","MANHATTAN","3","15","1083579","11","9566.17","66.87","46.81","5","142","142","No","40.749251","-74.001996","4","3","93","1007230001","Hudson Yards-Chelsea-Flatiron-Union Square                                 ","(40.749251, -74.001996)"
"ELLIOTT","427 WEST 26TH STREET","10001","MANHATTAN","4","15","1012828","12","10284.11","56.52","39.56","4.1","162","162","No","40.749056","-74.00148","4","3","97","1007240015","Hudson Yards-Chelsea-Flatiron-Union Square                                 ","(40.749056, -74.00148)"
"ELLIOTT","459 WEST 26TH STREET","10001","MANHATTAN","1","15","1083583","1","7549.70","0.00","0.00","N/A","0","0","Non-residential","40.74938","-74.002252","4","3","97","1007240001","Hudson Yards-Chelsea-Flatiron-Union Square                                 ","(40.74938, -74.002252)"
"ELLIOTT","288 10TH AVENUE","10001","MANHATTAN","1","15","1083582","12","9895.21","73.36","51.35","4.6","161","162","No","40.75005","-74.002436","4","3","97","1007240001","Hudson Yards-Chelsea-Flatiron-Union Square                                 ","(40.75005, -74.002436)"
"FOREST","980 TRINITY AVENUE","10456","BRONX","15","59","2091968","9","6685.5","41.05","28.73","5","63","63","No","40.824177","-73.905371","3","16","133","2026390001","Morrisania-Melrose                                                         ","(40.824177, -73.905371)"
"FOREST","735 EAST 163RD STREET","10456","BRONX","13","59","2091966","9","6964.9","41.67","29.17","5","80","81","No","40.823053","-73.90452","3","16","133","2026390001","Morrisania-Melrose                                                         ","(40.823053, -73.90452)"
"FOREST","965 TINTON AVENUE","10456","BRONX","11","59","2091965","14","12154.12","46.41","32.49","4","108","108","No","40.823357","-73.902882","3","16","133","2026390001","Morrisania-Melrose                                                         ","(40.823357, -73.902882)"
"FOREST","735 EAST 165TH STREET","10456","BRONX","3","59","2091970","14","6651.61","47.04","32.93","4.9","111","111","No","40.825043","-73.903859","3","16","135","2026400001","Morrisania-Melrose                                                         ","(40.825043, -73.903859)"
"FOREST","770 EAST 165TH STREET","10456","BRONX","8","59","2091962","9","7942.69","47.16","33.01","4.9","87","87","No","40.82482","-73.903003","3","16","133","2026390001","Morrisania-Melrose                                                         ","(40.82482, -73.903003)"
"FOREST","730 EAST 166TH STREET","10456","BRONX","4","59","2091971","9","7072.93","43.29","30.31","4.9","72","72","No","40.826645","-73.903333","3","16","135","2026400001","Morrisania-Melrose                                                         ","(40.826645, -73.903333)"
"FOREST","765 EAST 165TH STREET","10456","BRONX","7","59","2091974","9","6970.16","44.79","31.35","3.9","72","72","No","40.824836","-73.902996","3","16","135","2026400001","Morrisania-Melrose                                                         ","(40.824836, -73.902996)"
"FOREST","730 EAST 165TH STREET","10456","BRONX","12","59","2097876","14","6587.42","43.04","30.13","3.9","111","111","No","40.825079","-73.90408","3","16","133","2026390001","Morrisania-Melrose                                                         ","(40.825079, -73.90408)"
"FOREST","1000 TRINITY AVENUE","10456","BRONX","1","59","2091961","14","10421.20","39.55","39.55","4.4","107","108","No","40.824865","-73.905084","3","16","133","2026390001","Morrisania-Melrose                                                         ","(40.824865, -73.905084)"
"FOREST","760 EAST 166TH STREET","10456","BRONX","6","59","2091973","9","6984.76","44.42","31.09","4.9","72","72","No","40.826383","-73.90221","3","16","135","2026400001","Morrisania-Melrose                                                         ","(40.826383, -73.90221)"
"FOREST","765 EAST 163RD STREET","10456","BRONX","10","59","2091964","14","13565.98","58.27","40.79","4.9","104","104","No","40.822869","-73.903739","3","16","133","2026390001","Morrisania-Melrose                                                         ","(40.822869, -73.903739)"
"FOREST","695 EAST 163RD STREET","10456","BRONX","14","59","2091967","10","6685.40","41.05","28.73","4.1","67","67","No","40.823197","-73.905105","3","16","133","2026390001","Morrisania-Melrose                                                         ","(40.823197, -73.905105)"
"FOREST","1020 TRINITY AVENUE","10456","BRONX","2","59","2091975","14","6795.22","38.30","38.30","4.9","111","111","No","40.82545","-73.904849","3","16","135","2026400001","Morrisania-Melrose                                                         ","(40.82545, -73.904849)"
"FOREST","975 TINTON AVENUE","10456","BRONX","9","59","2091963","9","6980.23","43.42","30.39","4.9","72","72","No","40.823573","-73.902795","3","16","133","2026390001","Morrisania-Melrose                                                         ","(40.823573, -73.902795)"
"FOREST","750 EAST 166TH STREET","10456","BRONX","5","59","2091972","14","6656.25","46.91","32.84","4.9","111","111","No","40.826505","-73.902722","3","16","135","2026400001","Morrisania-Melrose                                                         ","(40.826505, -73.902722)"
"FORT INDEPENDENCE STREET-HEATH AVENUE","3340 BAILEY AVENUE","10463","BRONX","1","197","2086835","21","25893.22","147.35","103.14","4.7","342","344","No","40.879929","-73.900869","8","14","277","2032610102","Van Cortlandt Village                                                      ","(40.879929, -73.900869)"
"FORT WASHINGTON AVENUE REHAB","99 FORT WASHINGTON AVENUE","10032","MANHATTAN","1","309","1063346","7","42715.46","152.68","106.87","2.7","226","226","Yes","40.83851","-73.943738","12","7","247","1021360235","Washington Heights South                                                   ","(40.83851, -73.943738)"
"GARVEY (GROUP A)","10 AMBOY STREET","11212","BROOKLYN","2","252","3251969","14","16469.45","56.52","39.56","3","117","118","No","40.670286","-73.914821","16","41","902","3034940010","Brownsville                                                                ","(40.670286, -73.914821)"
"GARVEY (GROUP A)","20 AMBOY STREET","11212","BROOKLYN","4","252","3000000","2","5877.93","4.49","4.49","3","0","0","Non-residential","40.670058","-73.91476","16","41","902","3034940010","Brownsville                                                                ","(40.670058, -73.91476)"
"GARVEY (GROUP A)","1440 EAST NEW YORK AVENUE","11212","BROOKLYN","1","252","3080727","6","9627.62","81.1","56.77","3","86","86","Yes","40.670654","-73.914575","16","41","902","3034960013","Brownsville                                                                ","(40.670654, -73.914575)"
"GARVEY (GROUP A)","1400 EAST NEW YORK AVENUE","11212","BROOKLYN","3","252","3333363","14","13954.77","69.62","48.73","3","117","117","No","40.670105","-73.915827","16","41","902","3034940010","Brownsville                                                                ","(40.670105, -73.915827)"
"GLENMORE PLAZA","109 CHRISTOPHER AVENUE","11212","BROOKLYN","4","171","3326947","18","6495.82","41.42","29","Replaced 10/15","124","124","No","40.671015","-73.906179","16","37","908","3037090001","Brownsville                                                                ","(40.671015, -73.906179)"
"GLENMORE PLAZA","89 CHRISTOPHER AVENUE","11212","BROOKLYN","3","171","3326949","18","6760","42.79","29.96","Replaced 10/15","124","124","No","40.671553","-73.906319","16","37","908","3037090001","Brownsville                                                                ","(40.671553, -73.906319)"
"GLENMORE PLAZA","108 CHRISTOPHER AVENUE","11212","BROOKLYN","2","171","3326948","24","6448.09","26.95","26.95","Replaced 10/15","137","138","No","40.671012","-73.906201","16","37","908","3037090001","Brownsville                                                                ","(40.671012, -73.906201)"
"GLENMORE PLAZA","360 MOTHER GASTON BOULEVARD","11212","BROOKLYN","1","171","3080766","10","5930.93","38.3","38.3","Replaced 10/15","54","54","No","40.670439","-73.90706","16","37","906","3035070001","Brownsville                                                                ","(40.670439, -73.90706)"
"GLENWOOD","901 EAST 56TH STREET","11234","BROOKLYN","5","44","3331017","6","8113.94","40.3","28.21","Replaced 10/16","30","30","No","40.634255","-73.922685","18","45","94402","3079780001","Flatlands                                                                  ","(40.634255, -73.922685)"
"GLENWOOD","5712 FARRAGUT ROAD","11234","BROOKLYN","10","44","3331019","6","8221.01","38.93","38.93","Replaced 10/16","60","60","No","40.636283","-73.921476","18","45","94402","3079780001","Flatlands                                                                  ","(40.636283, -73.921476)"
"GLENWOOD","5812 FARRAGUT ROAD","11234","BROOKLYN","15","44","3331003","6","8344.28","30.19","30.19","Replaced 10/16","60","60","No","40.636727","-73.920611","18","45","94402","3079780001","Flatlands                                                                  ","(40.636727, -73.920611)"
"GLENWOOD","5802 FARRAGUT ROAD","11234","BROOKLYN","11","44","3331009","6","8358.21","36.68","36.68","Replaced 10/16","60","60","No","40.636606","-73.920842","18","45","94402","3079780001","Flatlands                                                                  ","(40.636606, -73.920842)"
"GLENWOOD","5704 FARRAGUT ROAD","11234","BROOKLYN","6","44","3331018","6","8465.19","39.55","39.55","Replaced 10/16","60","60","No","40.636132","-73.921775","18","45","94402","3079780001","Flatlands                                                                  ","(40.636132, -73.921775)"
"GLENWOOD","5624 FARRAGUT ROAD","11234","BROOKLYN","7","44","3331008","6","8098.64","35.56","35.56","Replaced 10/16","60","60","No","40.635885","-73.922219","18","45","94402","3079780001","Flatlands                                                                  ","(40.635885, -73.922219)"
"GLENWOOD","5804 FARRAGUT ROAD","11234","BROOKLYN","14","44","3339410","6","8255.36","39.8","39.8","Replaced 10/16","60","60","No","40.63668","-73.920701","18","45","94402","3079780001","Flatlands                                                                  ","(40.63668, -73.920701)"
"GLENWOOD","1690 RALPH AVENUE","11236","BROOKLYN","19","44","3331005","6","8255.34","38.3","38.3","Replaced 10/16","60","60","No","40.63534","-73.918955","18","45","94402","3079780001","Flatlands                                                                  ","(40.63534, -73.918955)"
"GLENWOOD","1722 RALPH AVENUE","11236","BROOKLYN","18","44","3331015","6","8255.35","38.55","38.55","Replaced 10/16","60","60","No","40.634804","-73.918898","18","45","94402","3079780001","Flatlands                                                                  ","(40.634804, -73.918898)"
"GLENWOOD","5721 AVENUE H","11234","BROOKLYN","8","44","3331011","6","8447.38","41.3","28.91","Replaced 10/16","60","60","No","40.633337","-73.920712","18","45","94402","3079780001","Flatlands                                                                  ","(40.633337, -73.920712)"
"GLENWOOD","5610 FARRAGUT ROAD","11234","BROOKLYN","3","44","3331007","6","8177.91","38.43","38.43","Replaced 10/16","60","60","No","40.635806","-73.922363","18","45","94402","3079780001","Flatlands                                                                  ","(40.635806, -73.922363)"
"GLENWOOD","1672 RALPH AVENUE","11236","BROOKLYN","20","44","3331014","6","8221.03","36.56","36.56","Replaced 10/16","57","57","No","40.635779","-73.919005","18","45","94402","3079780001","Flatlands                                                                  ","(40.635779, -73.919005)"
"GLENWOOD","885 EAST 56TH STREET","11234","BROOKLYN","2","44","3331002","6","8479.93","41.17","28.82","Replaced 10/16","60","60","No","40.634615","-73.922725","18","45","94402","3079780001","Flatlands                                                                  ","(40.634615, -73.922725)"
"GLENWOOD","5903 GLENWOOD ROAD","11234","BROOKLYN","13","44","3331021","6","8255.35","41.3","28.91","Replaced 10/16","60","60","No","40.633943","-73.919706","18","45","94402","3079780001","Flatlands                                                                  ","(40.633943, -73.919706)"
"GLENWOOD","5808 FARRAGUT ROAD","11234","BROOKLYN","17","44","3331020","6","8221.03","37.93","37.93","Replaced 10/16","60","60","No","40.636702","-73.920654","18","45","94402","3079780001","Flatlands                                                                  ","(40.636702, -73.920654)"
"GLENWOOD","5705 AVENUE H","11234","BROOKLYN","4","44","3331006","6","11600.56","40.05","28.03","Replaced 10/16","54","54","No","40.633299","-73.921411","18","45","94402","3079780001","Flatlands                                                                  ","(40.633299, -73.921411)"
"GLENWOOD","5801 GLENWOOD ROAD","11234","BROOKLYN","9","44","3331004","6","8184.44","39.68","39.68","Replaced 10/16","60","60","No","40.633359","-73.920647","18","45","94402","3079780001","Flatlands                                                                  ","(40.633359, -73.920647)"
"GLENWOOD","5907 GLENWOOD ROAD","11234","BROOKLYN","16","44","3331013","6","11018.63","46.16","32.31","Replaced 10/16","57","57","No","40.634014","-73.919591","18","45","94402","3079780001","Flatlands                                                                  ","(40.634014, -73.919591)"
"GLENWOOD","925 EAST 56TH STREET","11234","BROOKLYN","1","44","3331010","6","8489.98","41.42","29","Replaced 10/16","60","60","No","40.633701","-73.922628","18","45","94402","3079780001","Flatlands                                                                  ","(40.633701, -73.922628)"
"GLENWOOD","5817 GLENWOOD ROAD","11234","BROOKLYN","12","44","3331012","6","8330.93","37.93","37.93","Replaced 10/16","59","60","No","40.633639","-73.920175","18","45","94402","3079780001","Flatlands                                                                  ","(40.633639, -73.920175)"
"GRAMPION","182 SAINT NICHOLAS AVENUE","10026","MANHATTAN","1","281","1058446","7","4148.98","23.21","23.21","4","35","35","No","40.805962","-73.952803","10","9","220","1019250015","Central Harlem South                                                       ","(40.805962, -73.952803)"
"HERNANDEZ","189 ALLEN STREET","10002","MANHATTAN","1","184","1005537","17","11403.44","42.54","29.78","4.6","149","149","No","40.722133","-73.988964","3","1","3601","1004170001","Chinatown                                                                  ","(40.722133, -73.988964)"
"HIGHBRIDGE GARDENS","1135 UNIVERSITY AVENUE","10452","BRONX","4","78","2095218","14","7112.23","40.67","28.47","2","117","118","No","40.837014","-73.928344","4","16","193","2025270032","Highbridge                                                                 ","(40.837014, -73.928344)"
"HIGHBRIDGE GARDENS","1075 UNIVERSITY AVENUE","10452","BRONX","2","78","2095216","14","7161.18","29.44","29.44","2","118","118","No","40.835862","-73.929494","4","16","193","2025270032","Highbridge                                                                 ","(40.835862, -73.929494)"
"HIGHBRIDGE GARDENS","1065 UNIVERSITY AVENUE","10452","BRONX","1","78","2093964","13","7028.24","37.43","37.43","2","116","116","No","40.835236","-73.929954","4","16","193","2025270032","Highbridge                                                                 ","(40.835236, -73.929954)"
"HIGHBRIDGE GARDENS","1095 UNIVERSITY AVENUE","10452","BRONX","3","78","2095217","13","7191.07","42.67","29.87","2","116","116","No","40.836471","-73.92889","4","16","193","2025270032","Highbridge                                                                 ","(40.836471, -73.92889)"
"HIGHBRIDGE GARDENS","1125 UNIVERSITY AVENUE","10452","BRONX","6","78","2095220","13","9933.77","42.42","29.69","3.3","116","116","No","40.836953","-73.928409","4","16","193","2025270032","Highbridge                                                                 ","(40.836953, -73.928409)"
"HIGHBRIDGE GARDENS","1145 UNIVERSITY AVENUE","10452","BRONX","5","78","2095219","13","12508.34","46.16","32.31","3.3","116","116","No","40.837077","-73.928282","4","16","193","2025270032","Highbridge                                                                 ","(40.837077, -73.928282)"
"HOWARD","40 GLENMORE AVENUE","11212","BROOKLYN","4","72","3339437","7","8718.32","35.68","35.68","Replaced 11/16","70","70","No","40.671188","-73.909449","16","41","906","3034890001","Brownsville                                                                ","(40.671188, -73.909449)"
"HOWARD","280 MOTHER GASTON BOULEVARD","11212","BROOKLYN","9","72","3339442","7","8718.69","34.81","34.81","Replaced 11/16","70","70","No","40.672537","-73.907612","16","41","906","3034890001","Brownsville                                                                ","(40.672537, -73.907612)"
"HOWARD","1548 EAST NEW YORK AVENUE","11212","BROOKLYN","3","72","3339433","13","10323.45","41.42","29.00","Replaced 11/16","103","103","No","40.672152","-73.911145","16","41","906","3034890001","Brownsville                                                                ","(40.672152, -73.911145)"
"HOWARD","260 MOTHER GASTON BOULEVARD","11212","BROOKLYN","10","72","3339439","13","6156.73","36.81","36.81","Replaced 11/16","99","99","No","40.67311","-73.907766","16","41","906","3034890001","Brownsville                                                                ","(40.67311, -73.907766)"
"HOWARD","60 GLENMORE AVENUE","11212","BROOKLYN","6","72","3348343","13","5773.86","31.94","31.94","Replaced 11/16","96","96","No","40.671261","-73.908937","16","41","906","3034890001","Brownsville                                                                ","(40.671261, -73.908937)"
"HOWARD","1550 EAST NEW YORK AVENUE","11212","BROOKLYN","2","72","3339434","7","8718.75","37.43","37.43","Replaced 11/16","66","67","No","40.672172","-73.911102","16","41","906","3034890001","Brownsville                                                                ","(40.672172, -73.911102)"
"HOWARD","1590 EAST NEW YORK AVENUE","11212","BROOKLYN","7","72","3339438","13","10842.73","27.32","27.32","Replaced 11/16","100","100","No","40.67284","-73.909493","16","41","906","3034890001","Brownsville                                                                ","(40.67284, -73.909493)"
"HOWARD","1570 EAST NEW YORK AVENUE","11212","BROOKLYN","5","72","3339435","7","8718.76","37.55","37.55","Replaced 11/16","70","70","No","40.672561","-73.910164","16","41","906","3034890001","Brownsville                                                                ","(40.672561, -73.910164)"
"HOWARD","30 GLENMORE AVENUE","11212","BROOKLYN","1","72","3339436","7","8718.33","38.30","38.30","Replaced 11/16","70","70","No","40.671149","-73.909708","16","41","906","3034890001","Brownsville                                                                ","(40.671149, -73.909708)"
"HOWARD","270 MOTHER GASTON BOULEVARD","11212","BROOKLYN","8","72","3339441","7","8718.73","37.55","37.55","Replaced 11/16","70","70","No","40.67277","-73.907673","16","41","906","3034890001","Brownsville                                                                ","(40.67277, -73.907673)"
"ISAACS","1806 1ST AVENUE","10128","MANHATTAN","3","139","1082365","24","7942.03","33.06","33.06","3","206","207","No","40.781684","-73.945848","8","5","152","1015730001","Yorkville                                                                  ","(40.781684, -73.945848)"
"ISAACS","419 EAST 93RD STREET","10128","MANHATTAN","1","139","1082368","24","7090.99","40.67","28.47","1","212","214","No","40.7808","-73.94487","8","5","152","1015730001","Yorkville                                                                  ","(40.7808, -73.94487)"
"ISAACS","415 EAST 93RD STREET","10128","MANHATTAN","4","139","1082367","1","12802.74","0","0","4",,"0","Non-residential","40.780904","-73.945112","8","5","152","1015730001","Yorkville                                                                  ","(40.780904, -73.945112)"
"ISAACS","1830 1ST AVENUE","10128","MANHATTAN","2","139","1082366","24","7090.99","42.05","29.43","1","214","215","No","40.782381","-73.945342","8","5","152","1015730001","Yorkville                                                                  ","(40.782381, -73.945342)"
"KINGSBOROUGH","553 KINGSBOROUGH 5TH WALK","11233","BROOKLYN","12","10","3331200","6","10108.27","53.65","37.55","1","96","96","No","40.674785","-73.923648","8","41","307","3013440001","Crown Heights North                                                        ","(40.674785, -73.923648)"
"KINGSBOROUGH","154 KINGSBOROUGH 1ST WALK","11233","BROOKLYN","1","10","3331187","6","7204.66","34.31","34.31","1","72","72","No","40.675095","-73.927245","8","41","307","3013440001","Crown Heights North                                                        ","(40.675095, -73.927245)"
"KINGSBOROUGH","120 KINGSBOROUGH 1ST WALK","11233","BROOKLYN","2","10","3324600","6","7154.76","29.44","29.44","1","72","72","No","40.675899","-73.927169","8","41","307","3013440001","Crown Heights North                                                        ","(40.675899, -73.927169)"
"KINGSBOROUGH","320 KINGSBOROUGH 3RD WALK","11233","BROOKLYN","7","10","3331197","6","7145.28","40.17","28.12","1","72","72","No","40.675824","-73.925763","8","41","307","3013440001","Crown Heights North                                                        ","(40.675824, -73.925763)"
"KINGSBOROUGH","454 KINGSBOROUGH 4TH WALK","11233","BROOKLYN","10","10","3331188","6","6881.45","35.31","35.31","1","72","72","No","40.67497","-73.924981","8","41","307","3013440001","Crown Heights North                                                        ","(40.67497, -73.924981)"
"KINGSBOROUGH","353 KINGSBOROUGH 3RD WALK","11233","BROOKLYN","8","10","3331196","6","7218.2","37.06","37.06","1","72","72","No","40.675017","-73.925825","8","41","307","3013440001","Crown Heights North                                                        ","(40.675017, -73.925825)"
"KINGSBOROUGH","135 KINGSBOROUGH 1ST WALK","11233","BROOKLYN","3","10","3324601","6","6937.92","32.19","32.19","1","54","54","No","40.675092","-73.927224","8","41","307","3013440001","Crown Heights North                                                        ","(40.675092, -73.927224)"
"KINGSBOROUGH","253 KINGSBOROUGH 2ND WALK","11233","BROOKLYN","4","10","3324603","6","7179.34","34.06","34.06","1","72","72","No","40.675059","-73.926694","8","41","307","3013440001","Crown Heights North                                                        ","(40.675059, -73.926694)"
"KINGSBOROUGH","654 KINGSBOROUGH 6TH WALK","11233","BROOKLYN","13","10","3324598","6","10206.53","50.53","35.37","1","96","96","No","40.674765","-73.922685","8","41","307","3013440001","Crown Heights North                                                        ","(40.674765, -73.922685)"
"KINGSBOROUGH","719 KINGSBOROUGH 7TH WALK","11233","BROOKLYN","16","10","3257064","6","6497.86","32.31","32.31","1","48","48","No","40.675445","-73.921513","16","41","303","3014380001","Ocean Hill                                                                 ","(40.675445, -73.921513)"
"KINGSBOROUGH","319 KINGSBOROUGH 3RD WALK","11233","BROOKLYN","9","10","3331195","6","7099.8","38.43","38.43","1","72","72","No","40.675821","-73.925741","8","41","307","3013440001","Crown Heights North                                                        ","(40.675821, -73.925741)"
"KINGSBOROUGH","720 KINGSBOROUGH 7TH WALK","11233","BROOKLYN","15","10","3257063","6","6491.46","33.19","33.19","1","48","48","No","40.675445","-73.921534","16","41","303","3014380001","Ocean Hill                                                                 ","(40.675445, -73.921534)"
"KINGSBOROUGH","354 KINGSBOROUGH 3RD WALK","11233","BROOKLYN","6","10","3331198","6","7217.75","35.68","35.68","1","65","72","No","40.675017","-73.925847","8","41","307","3013440001","Crown Heights North                                                        ","(40.675017, -73.925847)"
"KINGSBOROUGH","653 KINGSBOROUGH 6TH WALK","11233","BROOKLYN","14","10","3324599","6","10326.5","51.65","36.16","1","108","108","No","40.674765","-73.922664","8","41","307","3013440001","Crown Heights North                                                        ","(40.674765, -73.922664)"
"KINGSBOROUGH","420 KINGSBOROUGH 4TH WALK","11233","BROOKLYN","11","10","3331199","6","7029.49","40.17","28.12","1","65","67","No","40.675684","-73.924909","8","41","307","3013440001","Crown Heights North                                                        ","(40.675684, -73.924909)"
"KINGSBOROUGH","219 KINGSBOROUGH 2ND WALK","11233","BROOKLYN","5","10","3324602","6","7165.26","34.56","34.56","1","72","72","No","40.675869","-73.926621","8","41","307","3013440001","Crown Heights North                                                        ","(40.675869, -73.926621)"
"KINGSBOROUGH EXTENSION","447 KINGSBOROUGH 4TH WALK","11233","BROOKLYN","17","161","3035751","25","5101.92","24.83","24.83","1","184","184","Yes","40.675242","-73.924931","8","41","307","3013440175","Crown Heights North                                                        ","(40.675242, -73.924931)"
"LAFAYETTE","433 LAFAYETTE AVENUE","11238","BROOKLYN","7","122","3321868","20","7843.52","45.41","31.79","3.6","154","156","No","40.689147","-73.957754","3","35","233","3019380001","Bedford                                                                    ","(40.689147, -73.957754)"
"LAFAYETTE","415 LAFAYETTE AVENUE","11238","BROOKLYN","6","122","3321869","13","7646.47","43.67","30.57","1.9","102","102","No","40.68907","-73.958432","3","35","233","3019380001","Bedford                                                                    ","(40.68907, -73.958432)"
"LAFAYETTE","325 CLASSON AVENUE","11205","BROOKLYN","1","122","3321871","15","12131.78","36.56","36.56","3.1","104","104","No","40.690026","-73.96022","3","35","233","3019380001","Bedford                                                                    ","(40.690026, -73.96022)"
"LAFAYETTE","456 DEKALB AVENUE","11205","BROOKLYN","2","122","3321866","20","8645.16","37.43","37.43","3.8","154","154","No","40.690498","-73.958928","3","35","233","3019380001","Bedford                                                                    ","(40.690498, -73.958928)"
"LAFAYETTE","470 DEKALB AVENUE","11205","BROOKLYN","3","122","3346319","15","7630.20","37.43","37.43","1.9","110","110","No","40.690588","-73.958131","3","35","233","3019380001","Bedford                                                                    ","(40.690588, -73.958131)"
"LAFAYETTE","345 CLASSON AVENUE","11205","BROOKLYN","4","122","3321865","20","7764.66","43.04","30.13","1.9","154","154","No","40.689387","-73.960094","3","35","233","3019380001","Bedford                                                                    ","(40.689387, -73.960094)"
"LAFAYETTE","411 LAFAYETTE AVENUE","11238","BROOKLYN","5","122","3339158","13","7562.61","43.17","30.22","1.9","102","102","No","40.68901","-73.958955","3","35","233","3019380001","Bedford                                                                    ","(40.68901, -73.958955)"
"LA GUARDIA","55 RUTGERS STREET","10002","MANHATTAN","2","76","1077515","16","6560.48","40.8","28.56","Replaced 5/16","124","124","No","40.711725","-73.989806","3","1","6","1002560001","Lower East Side                                                            ","(40.711725, -73.989806)"
"LA GUARDIA","250 CLINTON STREET","10002","MANHATTAN","6","76","1083387","16","6474","38.8","38.8","Replaced 5/16","124","124","No","40.711579","-73.98674","3","1","201","1002580001","Lower East Side                                                            ","(40.711579, -73.98674)"
"LA GUARDIA","45 RUTGERS STREET","10002","MANHATTAN","1","76","1077514","16","6573","41.42","29","Replaced 5/16","124","124","No","40.712076","-73.989864","3","1","6","1002560001","Lower East Side                                                            ","(40.712076, -73.989864)"
"LA GUARDIA","240 MADISON STREET","10002","MANHATTAN","5","76","1077518","16","6425.92","37.06","37.06","Replaced 5/16","121","123","No","40.712806","-73.987988","3","1","6","1002560001","Lower East Side                                                            ","(40.712806, -73.987988)"
"LA GUARDIA","340 CHERRY STREET","10002","MANHATTAN","8","76","1083386","16","6566.52","38.8","38.8","Replaced 5/16","124","124","No","40.711609","-73.986055","3","1","201","1002580001","Lower East Side                                                            ","(40.711609, -73.986055)"
"LA GUARDIA","300 CHERRY STREET","10002","MANHATTAN","4","76","1077517","16","8559.95","15.35","15.35","Replaced 5/16","123","123","No","40.711458","-73.987639","3","1","6","1002560001","Lower East Side                                                            ","(40.711458, -73.987639)"
"LA GUARDIA","280 MADISON STREET","10002","MANHATTAN","9","76","1083385","16","6518.01","40.05","28.03","Replaced 5/16","120","120","No","40.712995","-73.985864","3","1","201","1002580001","Lower East Side                                                            ","(40.712995, -73.985864)"
"LA GUARDIA","230 CLINTON STREET","10002","MANHATTAN","7","76","1083384","16","6475.26","39.55","39.55","Replaced 5/16","124","124","No","40.712581","-73.986874","3","1","201","1002580001","Lower East Side                                                            ","(40.712581, -73.986874)"
"LA GUARDIA","65 JEFFERSON STREET","10002","MANHATTAN","3","76","1077516","16","6474.03","25.08","25.08","Replaced 5/16","108","108","No","40.711711","-73.98836","3","1","6","1002560001","Lower East Side                                                            ","(40.711711, -73.98836)"
"LA GUARDIA ADDITION","282 CHERRY STREET","10002","MANHATTAN","10","152","1003211","16","6234.02","43.42","30.39","Replaced 5/16","149","150","Yes","40.711387","-73.988356","3","1","6","1002560014","Lower East Side                                                            ","(40.711387, -73.988356)"
"LATIMER GARDENS","136-10 LATIMER PLACE","11354","QUEENS","2","186","4443409","10","8304.5","53.65","37.55","2","108","108","No","40.766595","-73.831295","7","20","88901","4049510008","Flushing                                                                   ","(40.766595, -73.831295)"
"LATIMER GARDENS","34-41 LINDEN PLACE","11354","QUEENS","4","186","4443412","10","8433.34","51.53","36.07","3","104","104","No","40.765714","-73.831084","7","20","88901","4049510008","Flushing                                                                   ","(40.765714, -73.831084)"
"LATIMER GARDENS","34-25 LINDEN PLACE","11354","QUEENS","1","186","4443411","10","8321.01","53.27","37.29","3","108","108","No","40.766181","-73.831274","7","20","88901","4049510008","Flushing                                                                   ","(40.766181, -73.831274)"
"LATIMER GARDENS","34-20 137TH STREET","11354","QUEENS","3","186","4443410","10","17228.62","70.62","49.43","2.5","103","103","No","40.766198","-73.830122","7","20","88901","4049510008","Flushing                                                                   ","(40.766198, -73.830122)"
"LEHMAN VILLAGE","1641 MADISON AVENUE","10029","MANHATTAN","1","101","1078867","20","6713.36","40.42","28.3","3","154","156","No","40.79584","-73.947866","11","8","17401","1016150023","East Harlem South                                                          ","(40.79584, -73.947866)"
"LEHMAN VILLAGE","88GAR EAST 108TH STREET","10029","MANHATTAN","5","101","1087109","1","787","0","0","3","0","0","Non-residential","40.794324","-73.947192","11","8","17401","1016130023","East Harlem South                                                          ","(40.794324, -73.947192)"
"LEHMAN VILLAGE","1595 MADISON AVENUE","10029","MANHATTAN","3","101","1078857","20","10268.70","44.54","31.18","3.9","151","154","No","40.794492","-73.948849","11","8","17401","1016130023","East Harlem South                                                          ","(40.794492, -73.948849)"
"LEHMAN VILLAGE","70 EAST 108TH STREET","10029","MANHATTAN","4","101","1078858","20","7205.67","25.33","25.33","3.8","155","155","No","40.794429","-73.947434","11","8","17401","1016130023","East Harlem South                                                          ","(40.794429, -73.947434)"
"LEHMAN VILLAGE","80 EAST 110TH STREET","10029","MANHATTAN","2","101","1078868","20","6814.47","44.04","30.83","4.8","156","157","No","40.79568","-73.946555","11","8","17401","1016150023","East Harlem South                                                          ","(40.79568, -73.946555)"
"MARINER'S HARBOR","208 LOCKMAN AVENUE","10303","STATEN ISLAND","8","77","5109119","6","4569.90","9.48","9.48","Replaced 6/16","35","36","No","40.63195","-74.161711","1","49","31901","5012450001","Mariner's Harbor-Arlington-Port Ivory-Graniteville                         ","(40.63195, -74.161711)"
"MARINER'S HARBOR","62 ROXBURY STREET","10303","STATEN ISLAND","2","77","5110016","3","5745.02","18.59","18.59","Replaced 6/16","18","18","No","40.633442","-74.164478","1","49","31901","5012450001","Mariner's Harbor-Arlington-Port Ivory-Graniteville                         ","(40.633442, -74.164478)"
"MARINER'S HARBOR","195 CONTINENTAL PLACE","10303","STATEN ISLAND","22","77","5109132","3","6051.50","19.84","19.84","Replaced 6/16","18","18","No","40.630254","-74.163335","1","49","31901","5012480200","Mariner's Harbor-Arlington-Port Ivory-Graniteville                         ","(40.630254, -74.163335)"
"MARINER'S HARBOR","124 BRABANT STREET","10303","STATEN ISLAND","17","77","5109125","6","4568.32","12.23","12.23","Replaced 6/16","35","35","No","40.631729","-74.1626","1","49","31901","5012480200","Mariner's Harbor-Arlington-Port Ivory-Graniteville                         ","(40.631729, -74.1626)"
"MARINER'S HARBOR","331 GRANDVIEW AVENUE","10303","STATEN ISLAND","12","77","5109123","3","5779.84","18.71","18.71","Replaced 6/16","18","18","No","40.632738","-74.165211","1","49","31901","5012450001","Mariner's Harbor-Arlington-Port Ivory-Graniteville                         ","(40.632738, -74.165211)"
"MARINER'S HARBOR","178 LOCKMAN AVENUE","10303","STATEN ISLAND","7","77","5109118","6","4545.52","9.61","9.61","Replaced 6/16","36","36","No","40.632655","-74.161691","1","49","31901","5012450001","Mariner's Harbor-Arlington-Port Ivory-Graniteville                         ","(40.632655, -74.161691)"
"MARINER'S HARBOR","50 ROXBURY STREET","10303","STATEN ISLAND","3","77","5110014","3","5728.64","19.21","19.21","Replaced 6/16","18","18","No","40.633456","-74.163919","1","49","31901","5012450001","Mariner's Harbor-Arlington-Port Ivory-Graniteville                         ","(40.633456, -74.163919)"
"MARINER'S HARBOR","110 BRABANT STREET","10303","STATEN ISLAND","18","77","5109124","3","5717.85","14.97","14.97","Replaced 6/16","18","18","No","40.631647","-74.161951","1","49","31901","5012480200","Mariner's Harbor-Arlington-Port Ivory-Graniteville                         ","(40.631647, -74.161951)"
"MARINER'S HARBOR","173 BRABANT STREET","10303","STATEN ISLAND","11","77","5109122","6","4542.55","9.98","9.98","Replaced 6/16","36","36","No","40.632124","-74.164687","1","49","31901","5012450001","Mariner's Harbor-Arlington-Port Ivory-Graniteville                         ","(40.632124, -74.164687)"
"MARINER'S HARBOR","153 BRABANT STREET","10303","STATEN ISLAND","10","77","5109121","6","4557.29","13.72","13.72","Replaced 6/16","36","36","No","40.631985","-74.163689","1","49","31901","5012450001","Mariner's Harbor-Arlington-Port Ivory-Graniteville                         ","(40.631985, -74.163689)"
"MARINER'S HARBOR","168 BRABANT STREET","10303","STATEN ISLAND","14","77","5109128","6","4581.62","18.96","18.96","Replaced 6/16","35","35","No","40.63208","-74.164406","1","49","31901","5012480200","Mariner's Harbor-Arlington-Port Ivory-Graniteville                         ","(40.63208, -74.164406)"
"MARINER'S HARBOR","161 CONTINENTAL PLACE","10303","STATEN ISLAND","19","77","5109129","3","5769.96","18.47","18.47","Replaced 6/16","18","18","No","40.630225","-74.162041","1","49","31901","5012480200","Mariner's Harbor-Arlington-Port Ivory-Graniteville                         ","(40.630225, -74.162041)"
"MARINER'S HARBOR","40 ROXBURY STREET","10303","STATEN ISLAND","4","77","5110012","3","5789.67","17.47","17.47","Replaced 6/16","18","18","No","40.633476","-74.163228","1","49","31901","5012450001","Mariner's Harbor-Arlington-Port Ivory-Graniteville                         ","(40.633476, -74.163228)"
"MARINER'S HARBOR","150 BRABANT STREET","10303","STATEN ISLAND","15","77","5109127","6","4562.44","12.85","12.85","Replaced 6/16","35","35","No","40.631944","-74.163566","1","49","31901","5012480200","Mariner's Harbor-Arlington-Port Ivory-Graniteville                         ","(40.631944, -74.163566)"
"MARINER'S HARBOR","20 ROXBURY STREET","10303","STATEN ISLAND","5","77","5109114","6","4574.19","10.98","10.98","Replaced 6/16","36","36","No","40.633488","-74.162792","1","49","31901","5012450001","Mariner's Harbor-Arlington-Port Ivory-Graniteville                         ","(40.633488, -74.162792)"
"MARINER'S HARBOR","139 BRABANT STREET","10303","STATEN ISLAND","9","77","5109120","6","6980.48","8.98","8.98","Replaced 6/16","36","36","No","40.631816","-74.162942","1","49","31901","5012450001","Mariner's Harbor-Arlington-Port Ivory-Graniteville                         ","(40.631816, -74.162942)"
"MARINER'S HARBOR","361 GRANDVIEW AVENUE","10303","STATEN ISLAND","13","77","5109989","6","4586.23","18.09","18.09","Replaced 6/16","35","35","No","40.631827","-74.165248","1","49","31901","5012480200","Mariner's Harbor-Arlington-Port Ivory-Graniteville                         ","(40.631827, -74.165248)"
"MARINER'S HARBOR","177 CONTINENTAL PLACE","10303","STATEN ISLAND","20","77","5109130","3","5765.33","15.72","15.72","Replaced 6/16","18","18","No","40.630238","-74.162614","1","49","31901","5012480200","Mariner's Harbor-Arlington-Port Ivory-Graniteville                         ","(40.630238, -74.162614)"
"MARINER'S HARBOR","142 BRABANT STREET","10303","STATEN ISLAND","16","77","5109126","6","4564.21","14.35","14.35","Replaced 6/16","35","35","No","40.631824","-74.163051","1","49","31901","5012480200","Mariner's Harbor-Arlington-Port Ivory-Graniteville                         ","(40.631824, -74.163051)"
"MARINER'S HARBOR","311 GRANDVIEW AVENUE","10303","STATEN ISLAND","1","77","5110007","3","5766.42","19.34","19.34","Replaced 6/16","18","18","No","40.633251","-74.165187","1","49","31901","5012450001","Mariner's Harbor-Arlington-Port Ivory-Graniteville                         ","(40.633251, -74.165187)"
"MARINER'S HARBOR","14 ROXBURY STREET","10303","STATEN ISLAND","6","77","5110121","6","8461.96","12.73","12.73","Replaced 6/16","36","36","No","40.633508","-74.162049","1","49","31901","5012450001","Mariner's Harbor-Arlington-Port Ivory-Graniteville                         ","(40.633508, -74.162049)"
"MARINER'S HARBOR","183 CONTINENTAL PLACE","10303","STATEN ISLAND","21","77","5109131","3","6112.56","17.47","17.47","Replaced 6/16","18","18","No","40.630244","-74.162867","1","49","31901","5012480200","Mariner's Harbor-Arlington-Port Ivory-Graniteville                         ","(40.630244, -74.162867)"
"MELTZER TOWER","94 EAST 1ST STREET","10009","MANHATTAN","1","183","1005743","20","6722.76","36.68","36.68","5","229","231","Yes","40.722827","-73.987402","3","2","3002","1004290021","East Village                                                               ","(40.722827, -73.987402)"
"METRO NORTH PLAZA","307 EAST 101ST STREET","10029","MANHATTAN","1","181","1079342","7","7193.88","50.78","35.55","5","34","34","No","40.787332","-73.944489","11","8","164","1016730006","East Harlem South                                                          ","(40.787332, -73.944489)"
"METRO NORTH PLAZA","345 EAST 101ST STREET","10029","MANHATTAN","3","181","1079340","8","12416.19","90.58","63.41","5","107","111","No","40.787019","-73.943742","11","8","164","1016730006","East Harlem South                                                          ","(40.787019, -73.943742)"
"METRO NORTH PLAZA","310 EAST 102ND STREET","10029","MANHATTAN","2","181","1079341","11","16047.83","91.08","63.75","4.1","130","130","No","40.787881","-73.943925","11","8","164","1016730006","East Harlem South                                                          ","(40.787881, -73.943925)"
"MIDDLETOWN PLAZA","3033 MIDDLETOWN ROAD","10461","BRONX","1","191","2046141","15","11163.59","34.81","34.81","3","177","179","Yes","40.844293","-73.829016","10","13","26602","2041710024","Pelham Bay-Country Club-City Island                                        ","(40.844293, -73.829016)"
"MILL BROOK","584 EAST 137TH STREET","10454","BRONX","6","84","2091266","16","7659.37","51.9","36.33","3","145","145","No","40.80584","-73.917306","1","8","2701","2025480001","Mott Haven-Port Morris                                                     ","(40.80584, -73.917306)"
"MILL BROOK","520 EAST 137TH STREET","10454","BRONX","2","84","2090984","16","7586.56","51.15","35.81","3","145","145","No","40.806357","-73.918523","1","8","25","2022630019","Mott Haven-Port Morris                                                     ","(40.806357, -73.918523)"
"MILL BROOK","620 EAST 137TH STREET","10454","BRONX","8","84","2091268","16","7848.15","49.28","34.50","4.9","145","147","No","40.80534","-73.916133","1","8","2701","2025480001","Mott Haven-Port Morris                                                     ","(40.80534, -73.916133)"
"MILL BROOK","640 EAST 137TH STREET","10454","BRONX","9","84","2091269","16","6620.78","28.07","28.07","3.1","128","128","No","40.805087","-73.91553","1","8","2701","2025480001","Mott Haven-Port Morris                                                     ","(40.805087, -73.91553)"
"MILL BROOK EXTENSION","169 CYPRESS AVENUE","10454","BRONX","10","132","2003599","16","7546.37","47.54","33.27","3.9","125","125","No","40.803901","-73.91573","1","8","2701","2025480042","Mott Haven-Port Morris                                                     ","(40.803901, -73.91573)"
"MORRIS PARK SENIOR CITIZENS HOME","17 EAST 124TH STREET","10035","MANHATTAN","1","277","1054003","9","6122.28","31.94","31.94","4.8","97","97","Yes","40.805364","-73.941844","11","9","198","1017490010","East Harlem North                                                          ","(40.805364, -73.941844)"
"MOTT HAVEN","388 EAST 141ST STREET","10454","BRONX","1","121","2000644","20","5044.15","30.57","30.57","5","117","117","No","40.811292","-73.922115","1","8","39","2023030021","Mott Haven-Port Morris                                                     ","(40.811292, -73.922115)"
"MOTT HAVEN","355 EAST 143RD STREET","10454","BRONX","7","121","2091103","20","5161.88","32.31","32.31","5","117","117","No","40.812911","-73.922127","1","8","41","2023060009","Mott Haven-Port Morris                                                     ","(40.812911, -73.922127)"
"MOTT HAVEN","375 EAST 143RD STREET","10454","BRONX","9","121","2091101","2","9000.59","2.87","2.87","5","0","0","Non-residential","40.812702","-73.921622","1","8","41","2023060009","Mott Haven-Port Morris                                                     ","(40.812702, -73.921622)"
"MOTT HAVEN","380 EAST 143RD STREET","10454","BRONX","6","121","2091099","20","9630.40","34.5","34.5","Replaced 11/16","130","130","No","40.812573","-73.921358","1","8","41","2023040001","Mott Haven-Port Morris                                                     ","(40.812573, -73.921358)"
"MOTT HAVEN","370 EAST 141ST STREET","10454","BRONX","0","121","2109610","1","566.65","0","0","N/A (playground)","0","0","Non-residential","40.81147","-73.922537","1","8","39","2023030021","Mott Haven-Port Morris                                                     ","(40.81147, -73.922537)"
"MOTT HAVEN","350 EAST 143RD STREET","10454","BRONX","5","121","2091099","20","9594.21","34.37","34.37","Replaced 11/16","130","130","No","40.812897","-73.922138","1","8","41","2023040001","Mott Haven-Port Morris                                                     ","(40.812897, -73.922138)"
"MOTT HAVEN","383 EAST 143RD STREET","10454","BRONX","8","121","2091102","20","5156.91","31.32","31.32","4.8","117","117","No","40.812581","-73.921329","1","8","41","2023060009","Mott Haven-Port Morris                                                     ","(40.812581, -73.921329)"
"MOTT HAVEN","383 EAST 141ST STREET","10454","BRONX","2","121","2091100","20","9595.33","33.94","33.94","3.8","130","130","No","40.8113","-73.92209","1","8","41","2023040001","Mott Haven-Port Morris                                                     ","(40.8113, -73.92209)"
"MOTT HAVEN","353 EAST 141ST STREET","10454","BRONX","3","121","2091100","20","10229.50","36.18","36.18","3.8","130","130","No","40.811517","-73.922606","1","8","41","2023040001","Mott Haven-Port Morris                                                     ","(40.811517, -73.922606)"
"MOTT HAVEN","340 ALEXANDER AVENUE","10454","BRONX","4","121","2091098","22","11985.93","32.44","32.44","3.9","121","122","No","40.812552","-73.923295","1","8","41","2023040001","Mott Haven-Port Morris                                                     ","(40.812552, -73.923295)"
"NEW LANE AREA","70 NEW LANE","10305","STATEN ISLAND","1","314","5042254","10","28664.41","184.53","129.17","Replaced 12/15","276","277","Yes","40.612811","-74.062256","1","49","6","5028320068","Stapleton-Rosebank                                                         ","(40.612811, -74.062256)"
"OCEAN HILL APARTMENTS","386GAR SUMPTER STREET","11233","BROOKLYN","4","162","3379499",,"659.13","0","0","3",,"0","Non-residential","40.68123","-73.909114","16","37","369","3015280033","Ocean Hill                                                                 ","(40.68123, -73.909114)"
"OCEAN HILL APARTMENTS","15 MOTHER GASTON BOULEVARD","11233","BROOKLYN","2","162","3324697","14","5429.34","35.81","35.81","3.8","81","81","No","40.681181","-73.908685","16","37","369","3015290001","Ocean Hill                                                                 ","(40.681181, -73.908685)"
"OCEAN HILL APARTMENTS","309 MACDOUGAL STREET","11233","BROOKLYN","3","162","3324696","14","5215.17","26.57","26.57","4.6","79","79","No","40.680596","-73.908289","16","37","369","3015290001","Ocean Hill                                                                 ","(40.680596, -73.908289)"
"OCEAN HILL APARTMENTS","24 MOTHER GASTON BOULEVARD","11233","BROOKLYN","1","162","3041566","14","5232.17","33.44","33.44","4.7","78","78","No","40.681271","-73.908725","16","37","369","3015280033","Ocean Hill                                                                 ","(40.681271, -73.908725)"
"PARKSIDE","649 ARNOW AVENUE","10467","BRONX","7","47","2101748","7","7312.84","32.44","32.44","Replaced 6/17","56","56","No","40.867933","-73.869062","11","15","336","2045420100","Bronxdale                                                                  ","(40.867933, -73.869062)"
"PARKSIDE","660 ARNOW AVENUE","10467","BRONX","5","47","2093464","14","6215.76","42.42","29.69","Replaced 6/17","112","112","No","40.867916","-73.869015","11","15","336","2045070048","Bronxdale                                                                  ","(40.867916, -73.869015)"
"PARKSIDE","2959 WHITE PLAINS ROAD","10467","BRONX","11","47","2101735","7","7361.85","36.06","36.06","Replaced 6/17","56","56","No","40.869298","-73.867245","11","15","336","2045420100","Bronxdale                                                                  ","(40.869298, -73.867245)"
"PARKSIDE","2910 BRONX PARK EAST","10467","BRONX","1","47","2101744","6","6389.74","41.42","29","Replaced 6/17","48","48","No","40.868209","-73.87049","11","15","336","2045420100","Bronxdale                                                                  ","(40.868209, -73.87049)"
"PARKSIDE","665 ARNOW AVENUE","10467","BRONX","6","47","2101750","7","7278.28","35.43","35.43","Replaced 6/17","56","56","No","40.86793","-73.86894","11","15","336","2045420100","Bronxdale                                                                  ","(40.86793, -73.86894)"
"PARKSIDE","680 ADEE AVENUE","10467","BRONX","10","47","2101738","7","7367.89","33.69","33.69","Replaced 6/17","56","56","No","40.86968","-73.867812","11","15","336","2045420100","Bronxdale                                                                  ","(40.86968, -73.867812)"
"PARKSIDE","2825 OLINVILLE AVENUE","10467","BRONX","14","47","2093465","7","6335.63","40.8","28.56","Replaced 6/17","56","56","No","40.86721","-73.868319","11","15","336","2045070048","Bronxdale                                                                  ","(40.86721, -73.868319)"
"PARKSIDE","2970 BRONX PARK EAST","10467","BRONX","2","47","2101746","6","6199.18","39.05","39.05","Replaced 6/17","48","48","No","40.86934","-73.870517","11","15","336","2045420100","Bronxdale                                                                  ","(40.86934, -73.870517)"
"PARKSIDE","640 ADEE AVENUE","10467","BRONX","3","47","2101743","15","6292.71","42.54","29.78","Replaced 6/17","114","115","No","40.869669","-73.869876","11","15","336","2045420100","Bronxdale                                                                  ","(40.869669, -73.869876)"
"PARKSIDE","666 ADEE AVENUE","10467","BRONX","9","47","2101740","7","7320.45","34.93","34.93","Replaced 6/17","56","56","No","40.869673","-73.868582","11","15","336","2045420100","Bronxdale                                                                  ","(40.869673, -73.868582)"
"PARKSIDE","2950 BRONX PARK EAST","10467","BRONX","13","47","2101745","7","3681.49","18.09","18.09","Replaced 6/17","28","28","No","40.868846","-73.870507","11","15","336","2045420100","Bronxdale                                                                  ","(40.868846, -73.870507)"
"PARKSIDE","650 ADEE AVENUE","10467","BRONX","8","47","2101742","7","10359.04","33.81","33.81","Replaced 6/17","56","56","No","40.86967","-73.869063","11","15","336","2045420100","Bronxdale                                                                  ","(40.86967, -73.869063)"
"PARKSIDE","635 ARNOW AVENUE","10467","BRONX","4","47","2101747","14","9691.37","36.31","36.31","Replaced 6/17","108","108","No","40.867945","-73.869688","11","15","336","2045420100","Bronxdale                                                                  ","(40.867945, -73.869688)"
"PARKSIDE","2945 WHITE PLAINS ROAD","10467","BRONX","12","47","2054714","7","3681.48","18.09","18.09","Replaced 6/17","28","28","No","40.868812","-73.867257","11","15","336","2045420100","Bronxdale                                                                  ","(40.868812, -73.867257)"
"POLO GROUNDS TOWERS","3005 FREDERICK DOUGLASS BOULEVARD","10039","MANHATTAN","8","149","1810098","2","19804.34","67.25","47.07","3","0","0","Non-residential",,,"10","9","24302","1021060003","Central Harlem North-Polo Grounds",
"POLO GROUNDS TOWERS","2999 GARAGE FREDERICK DOUGLASS BOULEVARD","10039","MANHATTAN","7","149","1087108","1","822.65","0","0","5","0","0","Non-residential","40.831402","-73.935649","10","9","24302","1021060003","Central Harlem North-Polo Grounds","(40.831402, -73.935649)"
"POLO GROUNDS TOWERS","2981A FREDERICK DOUGLASS BOULEVARD","10039","MANHATTAN","6","149","1087107","1","5188.53","8.61","8.61","3","0","0","Non-residential","40.830692","-73.936163","10","9","24302","1021060003","Central Harlem North-Polo Grounds","(40.830692, -73.936163)"
"POLO GROUNDS TOWERS","2927 FREDERICK DOUGLASS BOULEVARD","10039","MANHATTAN","5","149","1082089","1","11907.23","40.05","28.03","5","0","0","Non-residential","40.829257","-73.937209","10","9","24302","1021060003","Central Harlem North-Polo Grounds","(40.829257, -73.937209)"
"POLO GROUNDS TOWERS","2931 FREDERICK DOUGLASS BOULEVARD","10039","MANHATTAN","1","149","1084518","30","13831.45","91.83","64.28","3.9","418","418","No","40.829386","-73.937118","10","9","24302","1021060003","Central Harlem North-Polo Grounds","(40.829386, -73.937118)"
"POLO GROUNDS TOWERS","2991 FREDERICK DOUGLASS BOULEVARD","10039","MANHATTAN","4","149","1084521","30","18688.72","88.33","61.83","4.9","360","360","No","40.830983","-73.935939","10","9","24302","1021060003","Central Harlem North-Polo Grounds","(40.830983, -73.935939)"
"POLO GROUNDS TOWERS","2949 FREDERICK DOUGLASS BOULEVARD","10039","MANHATTAN","3","149","1084519","30","13984.12","88.71","62.10","4.8","418","418","No","40.829866","-73.936778","10","9","24302","1021060003","Central Harlem North-Polo Grounds","(40.829866, -73.936778)"
"POLO GROUNDS TOWERS","2971 FREDERICK DOUGLASS BOULEVARD","10039","MANHATTAN","2","149","1084520","30","27844.07","79.72","55.81","3.9","418","418","No","40.830363","-73.936402","10","9","24302","1021060003","Central Harlem North-Polo Grounds","(40.830363, -73.936402)"
"RICHMOND TERRACE","131 JERSEY STREET","10301","STATEN ISLAND","5","117","5113003","8","9270.15","41.05","28.73","Replaced 7/16","80","81","No","40.644239","-74.086857","1","49","7","5000510001","West New Brighton-New Brighton-St. George                                  ","(40.644239, -74.086857)"
"RICHMOND TERRACE","456 RICHMOND TERRACE","10301","STATEN ISLAND","1","117","5113004","8","9035.30","38.3","38.3","Replaced 7/16","84","84","No","40.647442","-74.087625","1","49","7","5000510030","West New Brighton-New Brighton-St. George                                  ","(40.647442, -74.087625)"
"RICHMOND TERRACE","151 JERSEY STREET","10301","STATEN ISLAND","6","117","5108496","8","9299.44","43.42","30.39","Replaced 7/16","93","93","No","40.644047","-74.086727","1","49","7","5000510001","West New Brighton-New Brighton-St. George                                  ","(40.644047, -74.086727)"
"RICHMOND TERRACE","476 RICHMOND TERRACE","10301","STATEN ISLAND","2","117","5108497","8","8854.71","37.8","37.8","Replaced 7/16","80","80","No","40.647074","-74.088234","1","49","7","5000510030","West New Brighton-New Brighton-St. George                                  ","(40.647074, -74.088234)"
"RICHMOND TERRACE","131GAR JERSEY STREET","10301","STATEN ISLAND","7","117","5146062",,"1368.74","0","0","N/A (garage)",,"0","Non-residential","40.644239","-74.086857","1","49","7","5000510001","West New Brighton-New Brighton-St. George                                  ","(40.644239, -74.086857)"
"RICHMOND TERRACE","61 JERSEY STREET","10301","STATEN ISLAND","3","117","5108498","8","9033.18","37.18","37.18","Replaced 7/16","74","74","No","40.646316","-74.088575","1","49","7","5000510030","West New Brighton-New Brighton-St. George                                  ","(40.646316, -74.088575)"
"RICHMOND TERRACE","81 JERSEY STREET","10301","STATEN ISLAND","4","117","5108499","8","14313.24","35.52","35.52","Replaced 7/16","77","77","No","40.645584","-74.087911","1","49","7","5000510030","West New Brighton-New Brighton-St. George                                  ","(40.645584, -74.087911)"
"ROBBINS PLAZA","341 EAST 70TH STREET","10021","MANHATTAN","1","218","1044841","20","8774.21","29.32","29.32","5","150","150","Yes","40.76673","-73.957495","8","5","126","1014450023","Lenox Hill-Roosevelt Island                                                ","(40.76673, -73.957495)"
"SARATOGA VILLAGE","33 SARATOGA AVENUE","11233","BROOKLYN","1","158","3039983","16","10604.34","38.3","38.3","2.4","125","125","No","40.685898","-73.917769","16","41","373","3014920001","Ocean Hill                                                                 ","(40.685898, -73.917769)"
"SHELTON HOUSE","89-09 162ND STREET","11432","QUEENS","1","279","4208882","12","10014.34","39.55","39.55","2","153","155","Yes","40.706571","-73.799061","12","24","44601","4097610036","Jamaica                                                                    ","(40.706571, -73.799061)"
"STRAUS","243 EAST 27TH STREET","10016","MANHATTAN","2","153","1019879","19","4640.15","22.46","22.46","3.1","111","111","No","40.740647","-73.979651","6","2","66","1009080027","Murray Hill-Kips Bay                                                       ","(40.740647, -73.979651)"
"STRAUS","224 EAST 28TH STREET","10016","MANHATTAN","1","153","1019877","20","7453.47","35.68","35.68","3.1","156","156","No","40.741567","-73.979921","6","2","66","1009080017","Murray Hill-Kips Bay                                                       ","(40.741567, -73.979921)"
"STUYVESANT GARDENS II","150 MALCOLM X BOULEVARD","11221","BROOKLYN","1","333","3044658","7","16081.25","109.54","76.68","3","150","150","Yes","40.688335","-73.930144","3","36","293","3016360024","Stuyvesant Heights                                                         ","(40.688335, -73.930144)"
"TAFT","1712 MADISON AVENUE","10029","MANHATTAN","10","97","1080504","1","22153.8","104.93","73.45","5","0","0","Non-residential","40.79812","-73.946224","11","9","184","1016180001","East Harlem North                                                          ","(40.79812, -73.946224)"
"TAFT","70 EAST 115TH STREET","10029","MANHATTAN","7","97","1080643","19","8173.80","61.26","42.88","Replaced 11/15","186","186","No","40.798844","-73.944313","11","8","184","1016200023","East Harlem North                                                          ","(40.798844, -73.944313)"
"TAFT","1365 5TH AVENUE","10029","MANHATTAN","3","97","1080501","19","14290.54","40.92","28.65","Replaced 12/15","201","201","No","40.798815","-73.947799","11","9","184","1016180001","East Harlem North                                                          ","(40.798815, -73.947799)"
"TAFT","65 EAST 112TH STREET","10029","MANHATTAN","8","97","1080641","19","8018.98","57.02","39.91","Replaced 11/15","186","186","No","40.796994","-73.945611","11","8","184","1016200023","East Harlem North                                                          ","(40.796994, -73.945611)"
"TAFT","1345 5TH AVENUE","10029","MANHATTAN","2","97","1080500","19","8490.13","66.75","46.72","Replaced 11/15","150","150","No","40.798305","-73.948171","11","9","184","1016180001","East Harlem North                                                          ","(40.798305, -73.948171)"
"TAFT","1695 MADISON AVENUE","10029","MANHATTAN","9","97","1080640","19","8254.10","65.75","46.03","Replaced 11/15","150","150","No","40.797494","-73.946655","11","8","184","1016200023","East Harlem North                                                          ","(40.797494, -73.946655)"
"TAFT","1385 5TH AVENUE","10029","MANHATTAN","4","97","1080508","19","7647.82","59.51","41.66","Replaced 11/15","144","150","No","40.799355","-73.947404","11","9","184","1016180001","East Harlem North                                                          ","(40.799355, -73.947404)"
"TAFT","1694 MADISON AVENUE","10029","MANHATTAN","1","97","1080502","19","7650.32","61.13","42.79","Replaced 11/15","150","150","No","40.797502","-73.946676","11","9","184","1016180001","East Harlem North                                                          ","(40.797502, -73.946676)"
"TAFT","1734 MADISON AVENUE","10029","MANHATTAN","5","97","1080509","19","8364.15","67.75","47.42","Replaced 11/15","147","147","No","40.798669","-73.945823","11","9","184","1016180001","East Harlem North                                                          ","(40.798669, -73.945823)"
"TAFT","1735 MADISON AVENUE","10029","MANHATTAN","6","97","1080642","19","8309.60","66.25","46.38","Replaced 11/15","150","150","No","40.798937","-73.945602","11","8","184","1016200023","East Harlem North                                                          ","(40.798937, -73.945602)"
"TAYLOR STREET-WYTHE AVENUE","626 WYTHE PLACE","11249","BROOKLYN","1","234","3059901","11","13075.55","89.71","62.79","Replaced  1/16","138","138","No","40.704468","-73.964589","1","33","545","3021750070","Williamsburg                                                               ","(40.704468, -73.964589)"
"TAYLOR STREET-WYTHE AVENUE","51 ROSS STREET","11249","BROOKLYN","2","234","3059903","13","7503.51","55.77","39.04","Replaced  11/15","108","108","No","40.703172","-73.964363","1","33","545","3021750080","Williamsburg                                                               ","(40.703172, -73.964363)"
"TAYLOR STREET-WYTHE AVENUE","70 CLYMER STREET","11249","BROOKLYN","5","234","3251702","12","12244.81","49.66","34.76","Replaced  12/15","103","103","No","40.704855","-73.96627","1","33","545","3021750030","Williamsburg                                                               ","(40.704855, -73.96627)"
"TAYLOR STREET-WYTHE AVENUE","571 WYTHE AVENUE","11249","BROOKLYN","4","234","3059900","8","10296.16","73.86","51.70","Replaced  12/15","88","88","No","40.703779","-73.965145","1","33","545","3021750060","Williamsburg                                                               ","(40.703779, -73.965145)"
"TAYLOR STREET-WYTHE AVENUE","611 WYTHE AVENUE","11249","BROOKLYN","3","234","3059904","8","10833.22","71.24","49.87","Replaced  11/15","88","88","No","40.703532","-73.964868","1","33","545","3021750090","Williamsburg                                                               ","(40.703532, -73.964868)"
"THOMAS APARTMENTS","102 WEST 91ST STREET","10024","MANHATTAN","1","268","1077231","11","5307.90","14.6","14.6","4.8","87","87","Yes","40.789779","-73.970124","7","6","177","1012210038","Upper West Side                                                            ","(40.789779, -73.970124)"
"TODT HILL","247 WESTWOOD AVENUE","10314","STATEN ISLAND","4","42","5108965","6","10006.26","45.41","31.79","2","72","72","No","40.606583","-74.118576","2","49","173","5007060001","New Springville-Bloomfield-Travis                                          ","(40.606583, -74.118576)"
"TODT HILL","176 SCHMIDTS LANE","10314","STATEN ISLAND","7","42","5108960","6","11893.01","48.28","33.8","2","72","72","No","40.609125","-74.11844","2","49","173","5007060001","New Springville-Bloomfield-Travis                                          ","(40.609125, -74.11844)"
"TODT HILL","275 WESTWOOD AVENUE","10314","STATEN ISLAND","3","42","5108964","6","10165.38","47.78","33.45","2","72","72","No","40.60643","-74.120175","2","49","173","5007060001","New Springville-Bloomfield-Travis                                          ","(40.60643, -74.120175)"
"TODT HILL","791 MANOR ROAD","10314","STATEN ISLAND","2","42","5108963","6","10237.77","42.67","29.87","2","72","72","No","40.607437","-74.12102","2","49","173","5007060001","New Springville-Bloomfield-Travis                                          ","(40.607437, -74.12102)"
"TODT HILL","34 LA GUARDIA AVENUE","10314","STATEN ISLAND","6","42","5108961","6","10238.27","45.04","31.53","2","72","72","No","40.607769","-74.118254","2","49","173","5007060001","New Springville-Bloomfield-Travis                                          ","(40.607769, -74.118254)"
"TODT HILL","761 MANOR ROAD","10314","STATEN ISLAND","1","42","5110030","6","10122.2","44.17","30.92","2","72","72","No","40.608205","-74.121097","2","49","173","5007060001","New Springville-Bloomfield-Travis                                          ","(40.608205, -74.121097)"
"TODT HILL","231 WESTWOOD AVENUE","10314","STATEN ISLAND","5","42","5108962","6","9993.09","50.78","35.55","2","70","70","No","40.606619","-74.118187","2","49","173","5007060001","New Springville-Bloomfield-Travis                                          ","(40.606619, -74.118187)"
"UNITY PLAZA (SITES 4-27)","390 GEORGIA AVENUE","11207","BROOKLYN","4","261","3336124","6","23538.94","152.71","106.9","5","107","108","No","40.66704","-73.896586","5","42","1156","3037850015","East New York (Pennsylvania Ave)                                           ","(40.66704, -73.896586)"
"UNITY PLAZA (SITES 4-27)","400 WILLIAMS AVENUE","11207","BROOKLYN","2","261","3328049","6","16639.37","104.93","73.45","1","104","104","No","40.666043","-73.898242","5","42","1134","3037840001","East New York (Pennsylvania Ave)                                           ","(40.666043, -73.898242)"
"UNITY PLAZA (SITES 4-27)","360 WILLIAMS AVENUE","11207","BROOKLYN","1","261","3328048","6","12775.83","80.72","56.51","1.9","82","82","No","40.66713","-73.898525","5","42","1134","3037840001","East New York (Pennsylvania Ave)                                           ","(40.66713, -73.898525)"
"UNITY PLAZA (SITES 4-27)","375 WILLIAMS AVENUE","11207","BROOKLYN","3","261","3336125","6","22134.13","122.89","86.03","4.9","86","86","No","40.666715","-73.898396","5","42","1134","3037850015","East New York (Pennsylvania Ave)                                           ","(40.666715, -73.898396)"
"UNITY PLAZA (SITES 4-27)","391 GEORGIA AVENUE","11207","BROOKLYN","5","261","3084439","6","12987.78","89.46","62.62","3.1","82","82","No","40.667043","-73.896564","5","42","1156","3037870005","East New York (Pennsylvania Ave)                                           ","(40.667043, -73.896564)"
"UPACA (SITE 5)","1980 LEXINGTON AVENUE","10035","MANHATTAN","1","343","1054377","11","14005.37","93.20","65.24","4.9","180","200","Yes","40.801789","-73.939319","11","9","196","1017690005","East Harlem North                                                          ","(40.801789, -73.939319)"
"UPACA (SITE 6)","1940 LEXINGTON AVENUE","10035","MANHATTAN","1","355","1054368","12","10248.22","87.21","61.05","3.9","150","150","Yes","40.80073","-73.940093","11","9","196","1017680012","East Harlem North                                                          ","(40.80073, -73.940093)"
"WAGNER","30 PALADINO AVENUE","10035","MANHATTAN","11","74","1081294","7","5745.33","29.94","29.94","5","52","52","No","40.800214","-73.930869","11","8","192","1018080001","East Harlem North                                                          ","(40.800214, -73.930869)"
"WAGNER","90 PALADINO AVENUE","10035","MANHATTAN","1","74","1081285","7","5769.68","31.69","31.69","3.8","54","54","No","40.797941","-73.929596","11","8","192","1018080001","East Harlem North                                                          ","(40.797941, -73.929596)"
"WAGNER","10 PALADINO AVENUE","10035","MANHATTAN","13","74","1081296","16","6564.64","43.79","30.65","2.9","120","121","No","40.800525","-73.931565","11","8","192","1018080001","East Harlem North                                                          ","(40.800525, -73.931565)"
"WAGNER","2395 1ST AVENUE","10035","MANHATTAN","18","74","1081279","7","5858.67","31.82","31.82","4.1","55","55","No","40.80013","-73.932407","11","8","194","1017970001","East Harlem North                                                          ","(40.80013, -73.932407)"
"WAGNER","2360 1ST AVENUE","10035","MANHATTAN","9","74","1081292","16","9369.10","22.83","22.83","3.2","120","120","No","40.799137","-73.933109","11","8","192","1018080001","East Harlem North                                                          ","(40.799137, -73.933109)"
"WAGNER","2369 1ST AVENUE","10035","MANHATTAN","14","74","1081277","16","6540.25","41.80","29.26","3.8","121","125","No","40.799546","-73.932834","11","8","194","1017970001","East Harlem North                                                          ","(40.799546, -73.932834)"
"WAGNER","70 PALADINO AVENUE","10035","MANHATTAN","5","74","1081288","7","5740.11","31.32","31.32","3.8","54","54","No","40.798421","-73.929726","11","8","192","1018080001","East Harlem North                                                          ","(40.798421, -73.929726)"
"WAGNER","2400 2ND AVENUE","10035","MANHATTAN","22","74","1081283","16","6582.67","40.05","28.03","2.9","124","125","No","40.801435","-73.934432","11","8","194","1017970001","East Harlem North                                                          ","(40.801435, -73.934432)"
"WAGNER","2385 1ST AVENUE","10035","MANHATTAN","17","74","1081278","7","5771.43","30.94","30.94","3.8","55","55","No","40.799946","-73.932541","11","8","194","1017970001","East Harlem North                                                          ","(40.799946, -73.932541)"
"WAGNER","40 PALADINO AVENUE","10035","MANHATTAN","10","74","1081293","7","5738.55","30.94","30.94","3.2","54","54","No","40.799714","-73.930215","11","8","192","1018080001","East Harlem North                                                          ","(40.799714, -73.930215)"
"WAGNER","350 EAST 124TH STREET","10035","MANHATTAN","21","74","1081282","16","6540.24","41.92","29.34","3.8","125","125","No","40.801536","-73.933081","11","8","194","1017970001","East Harlem North                                                          ","(40.801536, -73.933081)"
"WAGNER","445 EAST 120TH STREET","10035","MANHATTAN","4","74","1081287","16","6540.23","44.29","31.00","4.1","121","122","No","40.797898","-73.93185","11","8","192","1018080001","East Harlem North                                                          ","(40.797898, -73.93185)"
"WAGNER","60 PALADINO AVENUE","10035","MANHATTAN","6","74","1081289","7","5817.73","31.57","31.57","4.7","52","52","No","40.798723","-73.929837","11","8","192","1018080001","East Harlem North                                                          ","(40.798723, -73.929837)"
"WAGNER","2370 2ND AVENUE","10035","MANHATTAN","16","74","1081276","16","6620.23","40.55","28.38","2.9","125","125","No","40.800359","-73.935217","11","8","194","1017970001","East Harlem North                                                          ","(40.800359, -73.935217)"
"WAGNER","2405 1ST AVENUE","10035","MANHATTAN","20","74","1081281","16","6540.23","64.50","45.15","3.8","124","125","No","40.800404","-73.932205","11","8","194","1017970001","East Harlem North                                                          ","(40.800404, -73.932205)"
"WAGNER","505 EAST 120TH STREET","10035","MANHATTAN","3","74","1081286","16","6514.53","40.80","28.56","4.1","124","124","No","40.797582","-73.931095","11","8","192","1018080001","East Harlem North                                                          ","(40.797582, -73.931095)"
"WAGNER","50 PALADINO AVENUE","10035","MANHATTAN","7","74","1081290","16","11908.60","42.30","29.61","4.3","121","121","No","40.799168","-73.93001","11","8","192","1018080001","East Harlem North                                                          ","(40.799168, -73.93001)"
"WAGNER","20 PALADINO AVENUE","10035","MANHATTAN","12","74","1081295","16","6628.85","39.30","39.30","3.8","125","125","No","40.800365","-73.931212","11","8","192","1018080001","East Harlem North                                                          ","(40.800365, -73.931212)"
"WAGNER","2370 1ST AVENUE","10035","MANHATTAN","8","74","1081291","16","6565.33","43.17","30.22","3.8","124","124","No","40.799537","-73.932816","11","8","192","1018080001","East Harlem North                                                          ","(40.799537, -73.932816)"
"WAGNER","2390 2ND AVENUE","10035","MANHATTAN","19","74","1081280","16","6609.86","65.38","45.76","3.8","125","125","No","40.800903","-73.934823","11","8","194","1017970001","East Harlem North                                                          ","(40.800903, -73.934823)"
"WAGNER","2375 1ST AVENUE","10035","MANHATTAN","15","74","1081275","16","6540.23","42.30","29.61","3.8","125","125","No","40.799749","-73.932686","11","8","194","1017970001","East Harlem North                                                          ","(40.799749, -73.932686)"
"WAGNER","80 PALADINO AVENUE","10035","MANHATTAN","2","74","1081284","7","5773.76","32.31","32.31","4.7","54","54","No","40.798204","-73.929657","11","8","192","1018080001","East Harlem North                                                          ","(40.798204, -73.929657)"
"WAGNER","ADDRESS IS NOT AVAILABLE","10035","MANHATTAN","23","74","1000000",,"660.14","2.12","2.12","N/A - garage","0","0","Yes","40.801536","-73.933081","11","8","194","1017970001","East Harlem North","(40.801536, -73.933081)"
"WILSON","425 EAST 105TH STREET","10029","MANHATTAN","2","112","1079368","20","5905.75","28.45","28.45","5","94","94","No","40.788573","-73.939638","11","8","162","1016990001","East Harlem South                                                          ","(40.788573, -73.939638)"
"WILSON","435 EAST 105TH STREET","10029","MANHATTAN","3","112","1079369","20","8538.8","60.89","42.62","5","152","152","No","40.7884","-73.939226","11","8","162","1016990001","East Harlem South                                                          ","(40.7884, -73.939226)"
"WILSON","405 EAST 105TH STREET","10029","MANHATTAN","1","112","1079367","20","8323.95","60.39","42.27","4.9","152","152","No","40.788875","-73.94036","11","8","162","1016990001","East Harlem South                                                          ","(40.788875, -73.94036)"
"WSUR (SITE A) 120 WEST 94TH STREET","120 WEST 94TH STREET","10025","MANHATTAN","3","151","1032540","9","6546.23","35.31","35.31","4.9","70","70","No","40.791944","-73.9694","7","6","177","1012240042","Upper West Side                                                            ","(40.791944, -73.9694)"
"WSUR (SITE B) 74 WEST 92ND STREET","74 WEST 92ND STREET","10025","MANHATTAN","5","173","1031623","22","13586.46","27.95","27.95","4","168","168","No","40.790056","-73.968834","7","6","177","1012050001","Upper West Side                                                            ","(40.790056, -73.968834)"
"WYCKOFF GARDENS","185 NEVINS STREET","11217","BROOKLYN","2","163","3336055","21","8941.18","22.71","22.71","2","173","174","No","40.682868","-73.984814","6","33","127","3003940001","DUMBO-Vinegar Hill-Downtown Brooklyn-Boerum Hill                           ","(40.682868, -73.984814)"
"WYCKOFF GARDENS","272 WYCKOFF STREET","11217","BROOKLYN","3","163","3336056","21","12197.63","26.20","26.20","2.6","180","180","No","40.68342","-73.984081","6","33","127","3003940001","DUMBO-Vinegar Hill-Downtown Brooklyn-Boerum Hill                           ","(40.68342, -73.984081)"
"WYCKOFF GARDENS","130 3RD AVENUE","11217","BROOKLYN","1","163","3336054","21","8938.54","36.43","36.43","4.8","175","175","No","40.682116","-73.982892","6","33","127","3003940001","DUMBO-Vinegar Hill-Downtown Brooklyn-Boerum Hill                           ","(40.682116, -73.982892)"
